Root Chord,Taper,Sweep,Twist,Wingspan,CL,CD,L_D
15.0,0.7,0.0,0.0,50.0,0.698851041699,0.053988661139,12.944404009199781
15.0,0.7,0.0,0.0,70.0,0.796424454923,0.051464699835,15.47515981782467
15.0,0.7,0.0,0.0,90.0,0.85865640269,0.048137056542,17.837742154857658
15.0,0.7,0.0,0.0,110.0,0.906234276367,0.045794625624,19.78909673392027
15.0,0.7,0.0,0.0,130.0,0.939364352555,0.043281726383,21.70348622979048
15.0,0.7,0.0,0.0,150.0,0.965058254999,0.041138543338,23.458736666243794
15.0,0.7,10.0,0.0,50.0,0.709282460178,0.056699047876,12.509600897164809
15.0,0.7,10.0,0.0,70.0,0.795091096503,0.05150543658,15.437032462933061
15.0,0.7,10.0,0.0,90.0,0.856129416958,0.048005262635,17.83407422364163
15.0,0.7,10.0,0.0,110.0,0.902381294232,0.045669754946,19.75883810410144
15.0,0.7,10.0,0.0,130.0,0.934220103111,0.042967604984,21.74242905693438
15.0,0.7,10.0,0.0,150.0,0.95849325351,0.040750783601,23.52085454097818
15.0,0.7,20.0,0.0,50.0,0.700632765148,0.055137472266,12.707016414679542
15.0,0.7,20.0,0.0,70.0,0.778905782353,0.049776455398,15.648076507759855
15.0,0.7,20.0,0.0,90.0,0.834404096297,0.046046518192,18.120894457595863
15.0,0.7,20.0,0.0,110.0,0.876687461154,0.043759323882,20.034300884493728
15.0,0.7,20.0,0.0,130.0,0.905200332138,0.04110059804,22.02401851323524
15.0,0.7,20.0,0.0,150.0,0.926909185539,0.0388604752,23.85223497058523
15.0,0.7,30.0,0.0,50.0,0.668490470797,0.04977662607,13.429806790378148
15.0,0.7,30.0,0.0,70.0,0.743141577483,0.045993316966,16.15759911450523
15.0,0.7,30.0,0.0,90.0,0.793408607761,0.043089782783,18.41291732094829
15.0,0.7,30.0,0.0,110.0,0.827140608718,0.04026508645,20.542377569339603
15.0,0.7,30.0,0.0,130.0,0.850932411627,0.037689486588,22.57744768266303
15.0,0.7,30.0,0.0,150.0,0.86913613769,0.035505889525,24.478647044683495
15.0,0.7999999999999999,0.0,0.0,50.0,0.687775166935,0.056303201178,12.215560617248567
15.0,0.7999999999999999,0.0,0.0,70.0,0.787559657327,0.054190460066,14.533179020215185
15.0,0.7999999999999999,0.0,0.0,90.0,0.842524747429,0.049030927161,17.183536926855382
15.0,0.7999999999999999,0.0,0.0,110.0,0.888362270253,0.046167559129,19.24213207310278
15.0,0.7999999999999999,0.0,0.0,130.0,0.924705104728,0.044176415979,20.932098818690363
15.0,0.7999999999999999,0.0,0.0,150.0,0.952272245554,0.04230230547,22.51111931072725
15.0,0.7999999999999999,10.0,0.0,50.0,0.68731566941,0.056222856059,12.224844442067015
15.0,0.7999999999999999,10.0,0.0,70.0,0.785447867741,0.054032831202,14.53649291121963
15.0,0.7999999999999999,10.0,0.0,90.0,0.849618606277,0.051200061047,16.594093618307948
15.0,0.7999999999999999,10.0,0.0,110.0,0.881089910743,0.045458661895,19.38222274949785
15.0,0.7999999999999999,10.0,0.0,130.0,0.917854537248,0.043832485974,20.94005203794376
15.0,0.7999999999999999,10.0,0.0,150.0,0.94455283134,0.041913500293,22.535765916399743
15.0,0.7999999999999999,20.0,0.0,50.0,0.676879099862,0.054332529635,12.458081823342294
15.0,0.7999999999999999,20.0,0.0,70.0,0.768661984212,0.052349591895,14.683246924899453
15.0,0.7999999999999999,20.0,0.0,90.0,0.81383945626,0.046302565822,17.576552007692754
15.0,0.7999999999999999,20.0,0.0,110.0,0.854201610583,0.043375778754,19.6930553207469
15.0,0.7999999999999999,20.0,0.0,130.0,0.887574426614,0.041689040191,21.290354072618186
15.0,0.7999999999999999,20.0,0.0,150.0,0.911048701207,0.039654860254,22.974452447228135
15.0,0.7999999999999999,30.0,0.0,50.0,0.653627782831,0.051007017012,12.814467912860428
15.0,0.7999999999999999,30.0,0.0,70.0,0.720694027005,0.045715423938,15.764789318861329
15.0,0.7999999999999999,30.0,0.0,90.0,0.770686089848,0.042751837776,18.02696983194129
15.0,0.7999999999999999,30.0,0.0,110.0,0.805030792932,0.03989174614,20.180384937444103
15.0,0.7999999999999999,30.0,0.0,130.0,0.834135775182,0.038382602771,21.732131615947416
15.0,0.7999999999999999,30.0,0.0,150.0,0.853840660698,0.03633342416,23.500142924541798
15.0,0.9,0.0,0.0,50.0,0.666958340689,0.055693895885,11.975429804123856
15.0,0.9,0.0,0.0,70.0,0.76714571814,0.05370973771,14.283177517680715
15.0,0.9,0.0,0.0,90.0,0.83616082035,0.051783985896,16.147092694434484
15.0,0.9,0.0,0.0,110.0,0.883921002249,0.049418123308,17.88657567467576
15.0,0.9,0.0,0.0,130.0,0.92006429398,0.047251204274,19.471763907745856
15.0,0.9,0.0,0.0,150.0,0.934869385525,0.04230892658,22.096268118674637
15.0,0.9,10.0,0.0,50.0,0.664287848739,0.055044668172,12.06815974733968
15.0,0.9,10.0,0.0,70.0,0.762804648609,0.05337227518,14.292151609359218
15.0,0.9,10.0,0.0,90.0,0.830329928778,0.051439146881,16.14198483304741
15.0,0.9,10.0,0.0,110.0,0.876860712048,0.04907365479,17.868257740336116
15.0,0.9,10.0,0.0,130.0,0.911829167293,0.046869202797,19.45476161056796
15.0,0.9,10.0,0.0,150.0,0.925536582939,0.0417801406,22.15254830758037
15.0,0.9,20.0,0.0,50.0,0.651904931251,0.053001952062,12.299640030020448
15.0,0.9,20.0,0.0,70.0,0.744519529112,0.05147084014,14.464880058046786
15.0,0.9,20.0,0.0,90.0,0.807060715939,0.049526068882,16.295674866945117
15.0,0.9,20.0,0.0,110.0,0.848525836222,0.046776103179,18.140156587540265
15.0,0.9,20.0,0.0,130.0,0.866768040356,0.041425327508,20.923625532920916
15.0,0.9,20.0,0.0,150.0,0.895488454495,0.040434223233,22.14679503881642
15.0,0.9,30.0,0.0,50.0,0.628153530012,0.049554240159,12.676080351479575
15.0,0.9,30.0,0.0,70.0,0.708915804265,0.047652053675,14.876920291830423
15.0,0.9,30.0,0.0,90.0,0.763196278155,0.045632394266,16.724879122190742
15.0,0.9,30.0,0.0,110.0,0.786668933831,0.040249113359,19.54500032868662
15.0,0.9,30.0,0.0,130.0,0.813634625933,0.038076023447,21.36868696557928
15.0,0.9,30.0,0.0,150.0,0.838337481654,0.036986356974,22.666127465414327
15.0,1.0,0.0,0.0,50.0,0.64767897131,0.055114055481,11.751611556389287
15.0,1.0,0.0,0.0,70.0,0.746308600992,0.053146701309,14.042425637160255
15.0,1.0,0.0,0.0,90.0,0.816547440858,0.051572855615,15.832891762939468
15.0,1.0,0.0,0.0,110.0,0.867792669476,0.049870163624,17.40103914674896
15.0,1.0,0.0,0.0,130.0,0.905175520512,0.047763697915,18.95111894650295
15.0,1.0,0.0,0.0,150.0,0.933535257396,0.045917390159,20.330756041739516
15.0,1.0,10.0,0.0,50.0,0.643352212693,0.054178282344,11.874725164007499
15.0,1.0,10.0,0.0,70.0,0.739934738654,0.052650378818,14.05374007301601
15.0,1.0,10.0,0.0,90.0,0.80892883809,0.051041513967,15.84844913912622
15.0,1.0,10.0,0.0,110.0,0.859205223418,0.049454472349,17.373660714739657
15.0,1.0,10.0,0.0,130.0,0.895865347342,0.047483540594,18.866860729740974
15.0,1.0,10.0,0.0,150.0,0.923722386005,0.045520108364,20.292622737592918
15.0,1.0,20.0,0.0,50.0,0.630228877808,0.05205114003,12.107878471917495
15.0,1.0,20.0,0.0,70.0,0.720492358487,0.05044355288,14.283140606708987
15.0,1.0,20.0,0.0,90.0,0.784845669568,0.049102228335,15.983911447223733
15.0,1.0,20.0,0.0,110.0,0.83131665077,0.047394232066,17.540460400589037
15.0,1.0,20.0,0.0,130.0,0.86487039279,0.04538557723,19.05606242280682
15.0,1.0,20.0,0.0,150.0,0.891109514111,0.043618846601,20.429460738894697
15.0,1.0,30.0,0.0,50.0,0.605967887608,0.048431415484,12.51187646597259
15.0,1.0,30.0,0.0,70.0,0.688728289721,0.047501684198,14.499028852328525
15.0,1.0,30.0,0.0,90.0,0.743616611506,0.045681370552,16.278334089375157
15.0,1.0,30.0,0.0,110.0,0.781981927335,0.043523003333,17.96709481080516
15.0,1.0,30.0,0.0,130.0,0.810961099499,0.041604483545,19.492156383142046
15.0,1.0,30.0,0.0,150.0,0.819135841766,0.036640975721,22.355732227308824
16.11111111111111,0.7,0.0,0.0,50.0,0.685030157669,0.055988082556,12.23528519634199
16.11111111111111,0.7,0.0,0.0,70.0,0.77674429194,0.052263906588,14.861963880027744
16.11111111111111,0.7,0.0,0.0,90.0,0.842656203714,0.049433991659,17.046088641328343
16.11111111111111,0.7,0.0,0.0,110.0,0.891326230511,0.04699309978,18.967172514343126
16.11111111111111,0.7,0.0,0.0,130.0,0.926734670105,0.044622789309,20.768192317329795
16.11111111111111,0.7,0.0,0.0,150.0,0.953667865694,0.042478765392,22.450460998416958
16.11111111111111,0.7,10.0,0.0,50.0,0.687262168279,0.057158705351,12.023753233364237
16.11111111111111,0.7,10.0,0.0,70.0,0.787170752867,0.054846462264,14.3522612101762
16.11111111111111,0.7,10.0,0.0,90.0,0.839704821354,0.049000044761,17.136817434549283
16.11111111111111,0.7,10.0,0.0,110.0,0.886753524329,0.046559317002,19.045672948572435
16.11111111111111,0.7,10.0,0.0,130.0,0.921157937328,0.044175592043,20.85219223392311
16.11111111111111,0.7,10.0,0.0,150.0,0.948012566496,0.042138831772,22.497362329012788
16.11111111111111,0.7,20.0,0.0,50.0,0.679932494171,0.055545497131,12.241001148435648
16.11111111111111,0.7,20.0,0.0,70.0,0.77326357764,0.05335635112,14.492437383900326
16.11111111111111,0.7,20.0,0.0,90.0,0.819477708595,0.047129603385,17.387748882601805
16.11111111111111,0.7,20.0,0.0,110.0,0.862374241277,0.044658823765,19.310276639056035
16.11111111111111,0.7,20.0,0.0,130.0,0.893420607103,0.042208919772,21.166630464105495
16.11111111111111,0.7,20.0,0.0,150.0,0.916401995341,0.039982756403,22.91993043461706
16.11111111111111,0.7,30.0,0.0,50.0,0.659886374007,0.052261178837,12.626702816351552
16.11111111111111,0.7,30.0,0.0,70.0,0.728350337514,0.046901492101,15.52936388346738
16.11111111111111,0.7,30.0,0.0,90.0,0.778400774494,0.043590826606,17.856985863783965
16.11111111111111,0.7,30.0,0.0,110.0,0.81571850211,0.041242662036,19.77851239083388
16.11111111111111,0.7,30.0,0.0,130.0,0.841158605467,0.038819740009,21.668321458927473
16.11111111111111,0.7,30.0,0.0,150.0,0.86039119331,0.036613957443,23.49899473853496
16.11111111111111,0.7999999999999999,0.0,0.0,50.0,0.664314620653,0.056227578554,11.814747099859611
16.11111111111111,0.7999999999999999,0.0,0.0,70.0,0.765764914591,0.054465518847,14.059627647027893
16.11111111111111,0.7999999999999999,0.0,0.0,90.0,0.835746095554,0.052463887537,15.92993075407522
16.11111111111111,0.7999999999999999,0.0,0.0,110.0,0.884155166219,0.049827671605,17.74426012172479
16.11111111111111,0.7999999999999999,0.0,0.0,130.0,0.908871123409,0.044866859947,20.25707001743881
16.11111111111111,0.7999999999999999,0.0,0.0,150.0,0.93853169285,0.043171720694,21.739501640490253
16.11111111111111,0.7999999999999999,10.0,0.0,50.0,0.663915770402,0.056179475592,11.817763754572
16.11111111111111,0.7999999999999999,10.0,0.0,70.0,0.763999319923,0.054220835027,14.090511876893009
16.11111111111111,0.7999999999999999,10.0,0.0,90.0,0.832369262661,0.052023068787,16.000003115329484
16.11111111111111,0.7999999999999999,10.0,0.0,110.0,0.879483938461,0.049575361828,17.740343308281624
16.11111111111111,0.7999999999999999,10.0,0.0,130.0,0.901835861136,0.044369087196,20.325769992791354
16.11111111111111,0.7999999999999999,10.0,0.0,150.0,0.931250588425,0.042808409266,21.753917148344804
16.11111111111111,0.7999999999999999,20.0,0.0,50.0,0.654422156427,0.054171723277,12.080512061259306
16.11111111111111,0.7999999999999999,20.0,0.0,70.0,0.748389051811,0.052447263774,14.26936312704274
16.11111111111111,0.7999999999999999,20.0,0.0,90.0,0.811528261513,0.050257416064,16.14743305703509
16.11111111111111,0.7999999999999999,20.0,0.0,110.0,0.853200590338,0.047354881508,18.01716239526146
16.11111111111111,0.7999999999999999,20.0,0.0,130.0,0.872044726979,0.042004372301,20.7608084398928
16.11111111111111,0.7999999999999999,20.0,0.0,150.0,0.90098963588,0.040977605425,21.987366673463935
16.11111111111111,0.7999999999999999,30.0,0.0,50.0,0.633431078832,0.050815754529,12.4652498954927
16.11111111111111,0.7999999999999999,30.0,0.0,70.0,0.716131717047,0.04900581141,14.613199872472022
16.11111111111111,0.7999999999999999,30.0,0.0,90.0,0.757432959686,0.043706022158,17.330173790418
16.11111111111111,0.7999999999999999,30.0,0.0,110.0,0.793323502593,0.040885693872,19.403449653481278
16.11111111111111,0.7999999999999999,30.0,0.0,130.0,0.822594451431,0.039181966461,20.99421049348746
16.11111111111111,0.7999999999999999,30.0,0.0,150.0,0.84429219635,0.037383539636,22.58459751459582
16.11111111111111,0.9,0.0,0.0,50.0,0.644838265257,0.056009609656,11.51299338126921
16.11111111111111,0.9,0.0,0.0,70.0,0.74464345753,0.053746806942,13.85465481388634
16.11111111111111,0.9,0.0,0.0,90.0,0.815882710758,0.052116206064,15.655067250215332
16.11111111111111,0.9,0.0,0.0,110.0,0.86767588541,0.050339701399,17.236413035760208
16.11111111111111,0.9,0.0,0.0,130.0,0.905423556879,0.04827956744,18.753762821181567
16.11111111111111,0.9,0.0,0.0,150.0,0.934075296866,0.046199902507,20.21812268379729
16.11111111111111,0.9,10.0,0.0,50.0,0.642510062129,0.055505029253,11.575708918201729
16.11111111111111,0.9,10.0,0.0,70.0,0.740555463629,0.053369720289,13.875948002328869
16.11111111111111,0.9,10.0,0.0,90.0,0.810429244321,0.05168177538,15.681141724760153
16.11111111111111,0.9,10.0,0.0,110.0,0.861139880897,0.050025128459,17.21414631854029
16.11111111111111,0.9,10.0,0.0,130.0,0.898024065842,0.047985135351,18.714630255248107
16.11111111111111,0.9,10.0,0.0,150.0,0.925990903462,0.045948233139,20.152916449708624
16.11111111111111,0.9,20.0,0.0,50.0,0.631992793329,0.053207721467,11.877839830464621
16.11111111111111,0.9,20.0,0.0,70.0,0.726121078976,0.052066087155,13.946142655474528
16.11111111111111,0.9,20.0,0.0,90.0,0.790376670595,0.050266966532,15.723580019332287
16.11111111111111,0.9,20.0,0.0,110.0,0.83520765127,0.047997052278,17.40122802609749
16.11111111111111,0.9,20.0,0.0,130.0,0.868789968704,0.045852170725,18.947630067823795
16.11111111111111,0.9,20.0,0.0,150.0,0.894958233531,0.043980467453,20.348993209028592
16.11111111111111,0.9,30.0,0.0,50.0,0.61021466297,0.049684141513,12.281879979959715
16.11111111111111,0.9,30.0,0.0,70.0,0.693948389966,0.048481571805,14.313652881494072
16.11111111111111,0.9,30.0,0.0,90.0,0.749068401077,0.0464172457,16.137717561233927
16.11111111111111,0.9,30.0,0.0,110.0,0.787403942077,0.044132105854,17.841975288510557
16.11111111111111,0.9,30.0,0.0,130.0,0.802473029364,0.039033254615,20.55870147849827
16.11111111111111,0.9,30.0,0.0,150.0,0.824473869531,0.037098161153,22.22411688090712
16.11111111111111,1.0,0.0,0.0,50.0,0.625645578457,0.055346613943,11.30413468656521
16.11111111111111,1.0,0.0,0.0,70.0,0.726857430096,0.05372150756,13.530101129127733
16.11111111111111,1.0,0.0,0.0,90.0,0.795436478649,0.05164247739,15.40275600339475
16.11111111111111,1.0,0.0,0.0,110.0,0.84971824485,0.05046529414,16.837675462521343
16.11111111111111,1.0,0.0,0.0,130.0,0.890036028344,0.048711078304,18.27173734051609
16.11111111111111,1.0,0.0,0.0,150.0,0.919682711164,0.04680297346,19.6500915043358
16.11111111111111,1.0,10.0,0.0,50.0,0.62170723803,0.054496505268,11.408203791648685
16.11111111111111,1.0,10.0,0.0,70.0,0.720049186618,0.053046066915,13.574035333699536
16.11111111111111,1.0,10.0,0.0,90.0,0.790752428978,0.051739099677,15.283459393660836
16.11111111111111,1.0,10.0,0.0,110.0,0.840728090329,0.049770040878,16.892252356992326
16.11111111111111,1.0,10.0,0.0,130.0,0.881019091326,0.048491877479,18.16838483326483
16.11111111111111,1.0,10.0,0.0,150.0,0.910117564664,0.046485226101,19.578641237251535
16.11111111111111,1.0,20.0,0.0,50.0,0.609984161138,0.05216372494,11.693646530028651
16.11111111111111,1.0,20.0,0.0,70.0,0.701965039441,0.050870211279,13.799137487183621
16.11111111111111,1.0,20.0,0.0,90.0,0.767920644765,0.04976867961,15.429797430484815
16.11111111111111,1.0,20.0,0.0,110.0,0.816147121884,0.048201368707,16.932032093218872
16.11111111111111,1.0,20.0,0.0,130.0,0.851091700443,0.046306546483,18.379511431616947
16.11111111111111,1.0,20.0,0.0,150.0,0.878546035756,0.044553213408,19.71902739563669
16.11111111111111,1.0,30.0,0.0,50.0,0.588017045813,0.048542243502,12.11351193087672
16.11111111111111,1.0,30.0,0.0,70.0,0.669739620668,0.047361651223,14.140968555225493
16.11111111111111,1.0,30.0,0.0,90.0,0.726731128031,0.045760805843,15.88108239449126
16.11111111111111,1.0,30.0,0.0,110.0,0.768767959438,0.044269812695,17.365511906148804
16.11111111111111,1.0,30.0,0.0,130.0,0.798958423073,0.042470199399,18.812212666272817
16.11111111111111,1.0,30.0,0.0,150.0,0.823959343864,0.041097759705,20.048765426105604
17.22222222222222,0.7,0.0,0.0,50.0,0.664275840539,0.056150184957,11.830341094115802
17.22222222222222,0.7,0.0,0.0,70.0,0.766763839287,0.05486411458,13.975689668133526
17.22222222222222,0.7,0.0,0.0,90.0,0.836390870735,0.052547452681,15.916868050911637
17.22222222222222,0.7,0.0,0.0,110.0,0.874525997148,0.047540842602,18.395256568532286
17.22222222222222,0.7,0.0,0.0,130.0,0.913049798748,0.045529902571,20.053849167021095
17.22222222222222,0.7,0.0,0.0,150.0,0.941619559902,0.043511294769,21.64080763169716
17.22222222222222,0.7,10.0,0.0,50.0,0.665134488198,0.057162796658,11.635793332111467
17.22222222222222,0.7,10.0,0.0,70.0,0.767904679413,0.05526895339,13.89396093670085
17.22222222222222,0.7,10.0,0.0,90.0,0.835802504745,0.052712276575,15.855936397582918
17.22222222222222,0.7,10.0,0.0,110.0,0.871598020574,0.047382024914,18.3951197137729
17.22222222222222,0.7,10.0,0.0,130.0,0.908554648731,0.045273620864,20.068080073830608
17.22222222222222,0.7,10.0,0.0,150.0,0.936517973553,0.043211628217,21.672823084795542
17.22222222222222,0.7,20.0,0.0,50.0,0.660879131096,0.056001131132,11.801174685887059
17.22222222222222,0.7,20.0,0.0,70.0,0.755737305237,0.053939289209,14.010887357242039
17.22222222222222,0.7,20.0,0.0,90.0,0.816522437232,0.050732507266,16.094659642008633
17.22222222222222,0.7,20.0,0.0,110.0,0.847159885628,0.045151043398,18.762797531840107
17.22222222222222,0.7,20.0,0.0,130.0,0.881049781977,0.043048313515,20.466534227177146
17.22222222222222,0.7,20.0,0.0,150.0,0.906356314827,0.041109043703,22.04761369238217
17.22222222222222,0.7,30.0,0.0,50.0,0.642761132769,0.05265755399,12.206437330740133
17.22222222222222,0.7,30.0,0.0,70.0,0.725318442164,0.050272850865,14.427636978689172
17.22222222222222,0.7,30.0,0.0,90.0,0.766115764793,0.044550615023,17.196524995165163
17.22222222222222,0.7,30.0,0.0,110.0,0.801711766308,0.04155651122,19.29208547040297
17.22222222222222,0.7,30.0,0.0,130.0,0.831425923044,0.039831708349,20.873468839427105
17.22222222222222,0.7,30.0,0.0,150.0,0.851706177097,0.037648071597,22.62283673421585
17.22222222222222,0.7999999999999999,0.0,0.0,50.0,0.643522770784,0.056406745392,11.40861374489564
17.22222222222222,0.7999999999999999,0.0,0.0,70.0,0.746735087083,0.054999737985,13.577066263236672
17.22222222222222,0.7999999999999999,0.0,0.0,90.0,0.818170153584,0.053031122836,15.428112961405901
17.22222222222222,0.7999999999999999,0.0,0.0,110.0,0.868799549031,0.05075301644,17.118185478849146
17.22222222222222,0.7999999999999999,0.0,0.0,130.0,0.906837429891,0.048533348084,18.68483147549339
17.22222222222222,0.7999999999999999,0.0,0.0,150.0,0.935707792873,0.046352415718,20.18681827859162
17.22222222222222,0.7999999999999999,10.0,0.0,50.0,0.643329866994,0.056564907038,11.373303708637131
17.22222222222222,0.7999999999999999,10.0,0.0,70.0,0.745331598533,0.054755825752,13.611914135105089
17.22222222222222,0.7999999999999999,10.0,0.0,90.0,0.815224148598,0.052679971672,15.475030124803594
17.22222222222222,0.7999999999999999,10.0,0.0,110.0,0.864567930471,0.050479344473,17.127162396758802
17.22222222222222,0.7999999999999999,10.0,0.0,130.0,0.901583170068,0.048316026764,18.66012647256344
17.22222222222222,0.7999999999999999,10.0,0.0,150.0,0.929565145725,0.04617080671,20.133179642357607
17.22222222222222,0.7999999999999999,20.0,0.0,50.0,0.635389720363,0.054491933625,11.660252776779675
17.22222222222222,0.7999999999999999,20.0,0.0,70.0,0.731035109565,0.052961958347,13.80302262947588
17.22222222222222,0.7999999999999999,20.0,0.0,90.0,0.796047628114,0.0510583136,15.590950268165534
17.22222222222222,0.7999999999999999,20.0,0.0,110.0,0.840809515144,0.04861661772,17.294693760609064
17.22222222222222,0.7999999999999999,20.0,0.0,130.0,0.87427223927,0.046255954626,18.90075010534061
17.22222222222222,0.7999999999999999,20.0,0.0,150.0,0.900249651223,0.044243957146,20.347403561853184
17.22222222222222,0.7999999999999999,30.0,0.0,50.0,0.616365063893,0.051018351444,12.081242267687728
17.22222222222222,0.7999999999999999,30.0,0.0,70.0,0.701208396291,0.049644649445,14.124551268467517
17.22222222222222,0.7999999999999999,30.0,0.0,90.0,0.756545157539,0.04726372065,16.00688957903698
17.22222222222222,0.7999999999999999,30.0,0.0,110.0,0.794635501005,0.044731932953,17.76438996812247
17.22222222222222,0.7999999999999999,30.0,0.0,130.0,0.809751203191,0.039544296396,20.477066909525497
17.22222222222222,0.7999999999999999,30.0,0.0,150.0,0.833993969851,0.038102867863,21.88795795764377
17.22222222222222,0.9,0.0,0.0,50.0,0.624109729642,0.056204034453,11.104358178484585
17.22222222222222,0.9,0.0,0.0,70.0,0.725551827748,0.054203778745,13.38563186085856
17.22222222222222,0.9,0.0,0.0,90.0,0.798371190016,0.052808430813,15.118252478342203
17.22222222222222,0.9,0.0,0.0,110.0,0.852802356851,0.051335284005,16.612401652787934
17.22222222222222,0.9,0.0,0.0,130.0,0.891169685192,0.049202436233,18.112308117667837
17.22222222222222,0.9,0.0,0.0,150.0,0.921050193717,0.047182062161,19.521194104956408
17.22222222222222,0.9,10.0,0.0,50.0,0.622013682067,0.055647376793,11.177771854022856
17.22222222222222,0.9,10.0,0.0,70.0,0.721797326373,0.054016195836,13.362609402640421
17.22222222222222,0.9,10.0,0.0,90.0,0.793256832673,0.052414331538,15.134349888596685
17.22222222222222,0.9,10.0,0.0,110.0,0.845648678315,0.050806569638,16.64447500274669
17.22222222222222,0.9,10.0,0.0,130.0,0.884111994259,0.048918943404,18.072998571484028
17.22222222222222,0.9,10.0,0.0,150.0,0.913288679537,0.046908999973,19.46937005825477
17.22222222222222,0.9,20.0,0.0,50.0,0.612652664221,0.053415103024,11.469652392989456
17.22222222222222,0.9,20.0,0.0,70.0,0.706085927526,0.051952417383,13.591011989310188
17.22222222222222,0.9,20.0,0.0,90.0,0.77262012891,0.05049579308,15.30068312197702
17.22222222222222,0.9,20.0,0.0,110.0,0.820993954461,0.048805245131,16.82183855971503
17.22222222222222,0.9,20.0,0.0,130.0,0.855956598843,0.046789786346,18.293663333134127
17.22222222222222,0.9,20.0,0.0,150.0,0.883271764468,0.044905799956,19.669436138170465
17.22222222222222,0.9,30.0,0.0,50.0,0.59313976681,0.049778066644,11.915685095847211
17.22222222222222,0.9,30.0,0.0,70.0,0.675981214033,0.048427817994,13.958531315962889
17.22222222222222,0.9,30.0,0.0,90.0,0.73451308222,0.0469200564,15.654565202526056
17.22222222222222,0.9,30.0,0.0,110.0,0.775130253399,0.044870101784,17.274983175442667
17.22222222222222,0.9,30.0,0.0,130.0,0.805078974125,0.042944719566,18.74686765360539
17.22222222222222,0.9,30.0,0.0,150.0,0.8297095398,0.041471779408,20.006605736332283
17.22222222222222,1.0,0.0,0.0,50.0,0.604814852965,0.055537884482,10.890131278965486
17.22222222222222,1.0,0.0,0.0,70.0,0.707456019347,0.054244432519,13.04200240456386
17.22222222222222,1.0,0.0,0.0,90.0,0.777737697735,0.052307619716,14.868535443930808
17.22222222222222,1.0,0.0,0.0,110.0,0.833938747314,0.051302766435,16.255239342123794
17.22222222222222,1.0,0.0,0.0,130.0,0.875337691004,0.049702790577,17.611439535732288
17.22222222222222,1.0,0.0,0.0,150.0,0.906195945321,0.0476932081,19.00052400377319
17.22222222222222,1.0,10.0,0.0,50.0,0.601244247473,0.054257838119,11.08124223737651
17.22222222222222,1.0,10.0,0.0,70.0,0.701815603286,0.053561068998,13.103091786913481
17.22222222222222,1.0,10.0,0.0,90.0,0.77054030153,0.051667856344,14.913339860663292
17.22222222222222,1.0,10.0,0.0,110.0,0.825598850349,0.05071360289,16.27963314181719
17.22222222222222,1.0,10.0,0.0,130.0,0.866621626002,0.049331772209,17.567210485170754
17.22222222222222,1.0,10.0,0.0,150.0,0.896870121031,0.047409727364,18.9174283611685
17.22222222222222,1.0,20.0,0.0,50.0,0.590859658769,0.052069015683,11.347624897812494
17.22222222222222,1.0,20.0,0.0,70.0,0.684277838628,0.051268398842,13.346971118345659
17.22222222222222,1.0,20.0,0.0,90.0,0.748881899003,0.049647769067,15.083898291429346
17.22222222222222,1.0,20.0,0.0,110.0,0.799335324622,0.048417842571,16.509106605686807
17.22222222222222,1.0,20.0,0.0,130.0,0.838323315672,0.047293378586,17.726018752235312
17.22222222222222,1.0,20.0,0.0,150.0,0.866330542303,0.045442687458,19.06424533328268
17.22222222222222,1.0,30.0,0.0,50.0,0.571379930676,0.048636938634,11.747859686969951
17.22222222222222,1.0,30.0,0.0,70.0,0.654178562304,0.047755651061,13.69845343472324
17.22222222222222,1.0,30.0,0.0,90.0,0.713824314273,0.046628855702,15.308638900233246
17.22222222222222,1.0,30.0,0.0,110.0,0.755319392771,0.0447982409,16.860469911241537
17.22222222222222,1.0,30.0,0.0,130.0,0.788775134089,0.043577743174,18.10041265651432
17.22222222222222,1.0,30.0,0.0,150.0,0.813301946204,0.04190161261,19.409800614926738
18.333333333333332,0.7,0.0,0.0,50.0,0.643263795095,0.0560208642,11.482575363323296
18.333333333333332,0.7,0.0,0.0,70.0,0.747483498797,0.054988058558,13.59356046383368
18.333333333333332,0.7,0.0,0.0,90.0,0.820111721973,0.053221536295,15.409395877398731
18.333333333333332,0.7,0.0,0.0,110.0,0.870812574217,0.050898092713,17.10894314109699
18.333333333333332,0.7,0.0,0.0,130.0,0.898023033098,0.046051463752,19.500423220727686
18.333333333333332,0.7,0.0,0.0,150.0,0.928943304469,0.044285399144,20.976288402604535
18.333333333333332,0.7,10.0,0.0,50.0,0.645615888675,0.057364170793,11.25468876739665
18.333333333333332,0.7,10.0,0.0,70.0,0.748864350684,0.055514463253,13.489536002017122
18.333333333333332,0.7,10.0,0.0,90.0,0.819864712549,0.053448333002,15.339387900429395
18.333333333333332,0.7,10.0,0.0,110.0,0.869186176418,0.050924749568,17.068050089424055
18.333333333333332,0.7,10.0,0.0,130.0,0.906241288031,0.048607737406,18.64397185290785
18.333333333333332,0.7,10.0,0.0,150.0,0.924289503212,0.044042514599,20.986301795606064
18.333333333333332,0.7,20.0,0.0,50.0,0.640339553181,0.055839760758,11.467448006378868
18.333333333333332,0.7,20.0,0.0,70.0,0.737546760944,0.054030539274,13.650553388033911
18.333333333333332,0.7,20.0,0.0,90.0,0.803128834694,0.051837185038,15.493295673853716
18.333333333333332,0.7,20.0,0.0,110.0,0.847911924869,0.049113621851,17.264292326910436
18.333333333333332,0.7,20.0,0.0,130.0,0.868566127952,0.043804871474,19.828071598555653
18.333333333333332,0.7,20.0,0.0,150.0,0.89702986265,0.042279091267,21.216867150362727
18.333333333333332,0.7,30.0,0.0,50.0,0.624279069812,0.052497160758,11.8916730123708
18.333333333333332,0.7,30.0,0.0,70.0,0.710977025624,0.050842967174,13.983783109880699
18.333333333333332,0.7,30.0,0.0,90.0,0.765737286984,0.048102980247,15.918707802553588
18.333333333333332,0.7,30.0,0.0,110.0,0.79112566163,0.042548125972,18.59366643199803
18.333333333333332,0.7,30.0,0.0,130.0,0.821027407474,0.040517452577,20.263549538651443
18.333333333333332,0.7,30.0,0.0,150.0,0.843096014581,0.038603453392,21.83991173068779
18.333333333333332,0.7999999999999999,0.0,0.0,50.0,0.623933547306,0.056444690819,11.053892549553591
18.333333333333332,0.7999999999999999,0.0,0.0,70.0,0.726310962344,0.054932659444,13.221842337424484
18.333333333333332,0.7999999999999999,0.0,0.0,90.0,0.799952645369,0.053304872923,15.007120390748296
18.333333333333332,0.7999999999999999,0.0,0.0,110.0,0.854804052488,0.051818162742,16.496224629654005
18.333333333333332,0.7999999999999999,0.0,0.0,130.0,0.893401077384,0.049489007054,18.052515711401607
18.333333333333332,0.7999999999999999,0.0,0.0,150.0,0.923422579801,0.047290252523,19.52670012391847
18.333333333333332,0.7999999999999999,10.0,0.0,50.0,0.623898086446,0.056553712909,11.031956247504173
18.333333333333332,0.7999999999999999,10.0,0.0,70.0,0.725105268999,0.054779656987,13.236761763058828
18.333333333333332,0.7999999999999999,10.0,0.0,90.0,0.797364371707,0.053074061024,15.02361711771845
18.333333333333332,0.7999999999999999,10.0,0.0,110.0,0.849924624598,0.051266523298,16.57855009315908
18.333333333333332,0.7999999999999999,10.0,0.0,130.0,0.888514871376,0.049212464322,18.054671384923864
18.333333333333332,0.7999999999999999,10.0,0.0,150.0,0.917658331792,0.047132686239,19.469680279599306
18.333333333333332,0.7999999999999999,20.0,0.0,50.0,0.616920787896,0.054640918591,11.290454183499289
18.333333333333332,0.7999999999999999,20.0,0.0,70.0,0.711947112107,0.053097722438,13.408242000178276
18.333333333333332,0.7999999999999999,20.0,0.0,90.0,0.779023794808,0.051321942582,15.17915643125373
18.333333333333332,0.7999999999999999,20.0,0.0,110.0,0.827508404372,0.049405825729,16.749207045157693
18.333333333333332,0.7999999999999999,20.0,0.0,130.0,0.862316749242,0.04716809413,18.281780621989274
18.333333333333332,0.7999999999999999,20.0,0.0,150.0,0.889432721505,0.045185193695,19.68416308024858
18.333333333333332,0.7999999999999999,30.0,0.0,50.0,0.600264695882,0.051222621379,11.718742222124806
18.333333333333332,0.7999999999999999,30.0,0.0,70.0,0.686612553324,0.050143199135,13.693034452696972
18.333333333333332,0.7999999999999999,30.0,0.0,90.0,0.744722481852,0.048197276749,15.451546894035907
18.333333333333332,0.7999999999999999,30.0,0.0,110.0,0.783290300776,0.045587909569,17.181974523101214
18.333333333333332,0.7999999999999999,30.0,0.0,130.0,0.812814887665,0.043351559508,18.749380573379486
18.333333333333332,0.7999999999999999,30.0,0.0,150.0,0.82223946414,0.038389799962,21.41817526931348
18.333333333333332,0.9,0.0,0.0,50.0,0.605481507565,0.056420328309,10.731619714244296
18.333333333333332,0.9,0.0,0.0,70.0,0.707990847723,0.054812146831,12.916677938302957
18.333333333333332,0.9,0.0,0.0,90.0,0.779911379775,0.052947712479,14.72984087998753
18.333333333333332,0.9,0.0,0.0,110.0,0.835606743188,0.051644056341,16.180114467976352
18.333333333333332,0.9,0.0,0.0,130.0,0.877231115203,0.050040297654,17.53049354879043
18.333333333333332,0.9,0.0,0.0,150.0,0.908320253358,0.048010035261,18.919383175205787
18.333333333333332,0.9,10.0,0.0,50.0,0.602611110495,0.055562224338,10.845698092091384
18.333333333333332,0.9,10.0,0.0,70.0,0.704551626502,0.054569365039,12.911120112877734
18.333333333333332,0.9,10.0,0.0,90.0,0.774164706574,0.052426216296,14.766747655467691
18.333333333333332,0.9,10.0,0.0,110.0,0.829412055236,0.051213531261,16.195174103677008
18.333333333333332,0.9,10.0,0.0,130.0,0.870555384494,0.049736644702,17.50329942258838
18.333333333333332,0.9,10.0,0.0,150.0,0.900852326344,0.047783508513,18.852787381632176
18.333333333333332,0.9,20.0,0.0,50.0,0.594362362463,0.053510251177,11.10744856152855
18.333333333333332,0.9,20.0,0.0,70.0,0.689340274066,0.052331605102,13.17254215158126
18.333333333333332,0.9,20.0,0.0,90.0,0.754587673713,0.05046597228,14.952405346048351
18.333333333333332,0.9,20.0,0.0,110.0,0.805108761809,0.049062018644,16.410021113296775
18.333333333333332,0.9,20.0,0.0,130.0,0.844048419468,0.047732737649,17.682799291225713
18.333333333333332,0.9,20.0,0.0,150.0,0.87189853087,0.045781213353,19.04489783062653
18.333333333333332,0.9,30.0,0.0,50.0,0.577110213043,0.049873028858,11.571589419326541
18.333333333333332,0.9,30.0,0.0,70.0,0.661237318831,0.048886526277,13.525962451991544
18.333333333333332,0.9,30.0,0.0,90.0,0.721187144718,0.047498531723,15.183356591395075
18.333333333333332,0.9,30.0,0.0,110.0,0.764619554616,0.045962312505,16.635793826362
18.333333333333332,0.9,30.0,0.0,130.0,0.795705449922,0.04402140161,18.075422881157102
18.333333333333332,0.9,30.0,0.0,150.0,0.819887385731,0.042289577846,19.387457323803712
18.333333333333332,1.0,0.0,0.0,50.0,0.585381377297,0.055406345581,10.565240698670795
18.333333333333332,1.0,0.0,0.0,70.0,0.6900529077,0.054811402148,12.589586849771534
18.333333333333332,1.0,0.0,0.0,90.0,0.762749525998,0.053282559229,14.315181872549015
18.333333333333332,1.0,0.0,0.0,110.0,0.815551046213,0.051340321098,15.885195666311686
18.333333333333332,1.0,0.0,0.0,130.0,0.859022017062,0.05005122259,17.162857820652487
18.333333333333332,1.0,0.0,0.0,150.0,0.893028706968,0.04853278119,18.400526099501697
18.333333333333332,1.0,10.0,0.0,50.0,0.581821860037,0.05451499675,10.672693657218277
18.333333333333332,1.0,10.0,0.0,70.0,0.68367083323,0.053782608241,12.711745591929445
18.333333333333332,1.0,10.0,0.0,90.0,0.753961392933,0.052224363835,14.43696653376381
18.333333333333332,1.0,10.0,0.0,110.0,0.807817971208,0.050783795237,15.907002764130572
18.333333333333332,1.0,10.0,0.0,130.0,0.850577015185,0.049590523592,17.152007149249297
18.333333333333332,1.0,10.0,0.0,150.0,0.883948212985,0.04825778927,18.317213166134746
18.333333333333332,1.0,20.0,0.0,50.0,0.572738639989,0.052207148686,10.970502209069828
18.333333333333332,1.0,20.0,0.0,70.0,0.66809937337,0.051689709206,12.925191176978974
18.333333333333332,1.0,20.0,0.0,90.0,0.733374161614,0.050081209734,14.643699014245541
18.333333333333332,1.0,20.0,0.0,110.0,0.785006996714,0.049139991866,15.974911002318397
18.333333333333332,1.0,20.0,0.0,130.0,0.823371704744,0.047580617719,17.304771232829317
18.333333333333332,1.0,20.0,0.0,150.0,0.854391338328,0.046248692226,18.473848604256965
18.333333333333332,1.0,30.0,0.0,50.0,0.555015375748,0.048496849918,11.444359307592915
18.333333333333332,1.0,30.0,0.0,70.0,0.639301577063,0.048015346355,13.314525992093094
18.333333333333332,1.0,30.0,0.0,90.0,0.697377607659,0.046520228303,14.990846629487146
18.333333333333332,1.0,30.0,0.0,110.0,0.74284026188,0.04549021385,16.32967179115602
18.333333333333332,1.0,30.0,0.0,130.0,0.777427029813,0.044258573177,17.56556919952874
18.333333333333332,1.0,30.0,0.0,150.0,0.803444431568,0.042786925242,18.777802495126068
19.444444444444443,0.7,0.0,0.0,50.0,0.624760715016,0.056018291214,11.152798514137125
19.444444444444443,0.7,0.0,0.0,70.0,0.730137123637,0.055393096197,13.181013046108497
19.444444444444443,0.7,0.0,0.0,90.0,0.803708412868,0.053707652584,14.96450457615852
19.444444444444443,0.7,0.0,0.0,110.0,0.857528083735,0.051978182113,16.497846767144402
19.444444444444443,0.7,0.0,0.0,130.0,0.896361179653,0.049521544187,18.100428699642723
19.444444444444443,0.7,0.0,0.0,150.0,0.926496253787,0.047212691357,19.62388135811353
19.444444444444443,0.7,10.0,0.0,50.0,0.627087378709,0.057442602954,10.916764673968052
19.444444444444443,0.7,10.0,0.0,70.0,0.731777777829,0.056027934701,13.060945075598852
19.444444444444443,0.7,10.0,0.0,90.0,0.803948369191,0.054096871157,14.86127297192069
19.444444444444443,0.7,10.0,0.0,110.0,0.855423222014,0.05174127596,16.53270442490263
19.444444444444443,0.7,10.0,0.0,130.0,0.893958781026,0.049512021745,18.05538835861165
19.444444444444443,0.7,10.0,0.0,150.0,0.923024514026,0.047248539618,19.535514144745353
19.444444444444443,0.7,20.0,0.0,50.0,0.622661373569,0.055992519456,11.120438580341062
19.444444444444443,0.7,20.0,0.0,70.0,0.72165005729,0.054526357681,13.234884704970177
19.444444444444443,0.7,20.0,0.0,90.0,0.788661955154,0.052539532902,15.010829209788774
19.444444444444443,0.7,20.0,0.0,110.0,0.835574075054,0.049977135846,16.719126874912273
19.444444444444443,0.7,20.0,0.0,130.0,0.869986172867,0.047597349569,18.278038183739945
19.444444444444443,0.7,20.0,0.0,150.0,0.896737624225,0.045377477764,19.761733538579847
19.444444444444443,0.7,30.0,0.0,50.0,0.608712281635,0.052733128501,11.543261303441474
19.444444444444443,0.7,30.0,0.0,70.0,0.696470823866,0.051273422458,13.583466647589317
19.444444444444443,0.7,30.0,0.0,90.0,0.753642869691,0.048850448216,15.427552810951674
19.444444444444443,0.7,30.0,0.0,110.0,0.793016370031,0.046203727197,17.16347182662983
19.444444444444443,0.7,30.0,0.0,130.0,0.809289078814,0.040826358451,19.82271036456295
19.444444444444443,0.7,30.0,0.0,150.0,0.833818134846,0.039299205617,21.217175303037372
19.444444444444443,0.7999999999999999,0.0,0.0,50.0,0.606356003627,0.056498433474,10.732262229996852
19.444444444444443,0.7999999999999999,0.0,0.0,70.0,0.709634069567,0.055420897208,12.804449319968144
19.444444444444443,0.7999999999999999,0.0,0.0,90.0,0.784960749525,0.054188319811,14.48579236748463
19.444444444444443,0.7999999999999999,0.0,0.0,110.0,0.839724305215,0.052511102057,15.99136701232231
19.444444444444443,0.7999999999999999,0.0,0.0,130.0,0.880197098372,0.05031865746,17.492459910555013
19.444444444444443,0.7999999999999999,0.0,0.0,150.0,0.911396550528,0.048201697883,18.90797607877285
19.444444444444443,0.7999999999999999,10.0,0.0,50.0,0.60537941097,0.056460598187,10.722157228390614
19.444444444444443,0.7999999999999999,10.0,0.0,70.0,0.708630240296,0.055336277975,12.80588912424047
19.444444444444443,0.7999999999999999,10.0,0.0,90.0,0.781653627169,0.053735381117,14.546349368344055
19.444444444444443,0.7999999999999999,10.0,0.0,110.0,0.836316139425,0.052083999771,16.057064417135162
19.444444444444443,0.7999999999999999,10.0,0.0,130.0,0.875727472471,0.050073120529,17.488973389701563
19.444444444444443,0.7999999999999999,10.0,0.0,150.0,0.90601062804,0.047996992312,18.87640421613425
19.444444444444443,0.7999999999999999,20.0,0.0,50.0,0.599373946605,0.054757562545,10.945957393783406
19.444444444444443,0.7999999999999999,20.0,0.0,70.0,0.696008413113,0.053514270233,13.006033906144925
19.444444444444443,0.7999999999999999,20.0,0.0,90.0,0.764570603694,0.051938696133,14.720635299279664
19.444444444444443,0.7999999999999999,20.0,0.0,110.0,0.814418915616,0.050139990577,16.24290124995729
19.444444444444443,0.7999999999999999,20.0,0.0,130.0,0.851231205871,0.048168912765,17.671796123443183
19.444444444444443,0.7999999999999999,20.0,0.0,150.0,0.878791834532,0.046054782279,19.0814458574199
19.444444444444443,0.7999999999999999,30.0,0.0,50.0,0.584554767891,0.051306837769,11.393311170781075
19.444444444444443,0.7999999999999999,30.0,0.0,70.0,0.670139289478,0.0500005258,13.402644847346787
19.444444444444443,0.7999999999999999,30.0,0.0,90.0,0.730289223209,0.048354224147,15.102904370647602
19.444444444444443,0.7999999999999999,30.0,0.0,110.0,0.773519016845,0.04667815339,16.571328569538345
19.444444444444443,0.7999999999999999,30.0,0.0,130.0,0.804153233965,0.04443649674,18.096683873846715
19.444444444444443,0.7999999999999999,30.0,0.0,150.0,0.8279184443,0.042577720469,19.444874811999178
19.444444444444443,0.9,0.0,0.0,50.0,0.585699730003,0.055849546798,10.487099064946651
19.444444444444443,0.9,0.0,0.0,70.0,0.691389333826,0.055430938365,12.472986282017454
19.444444444444443,0.9,0.0,0.0,90.0,0.763805588806,0.053532424338,14.268092623330203
19.444444444444443,0.9,0.0,0.0,110.0,0.820753421918,0.052339607049,15.681306532347788
19.444444444444443,0.9,0.0,0.0,130.0,0.861759967053,0.050372809484,17.107641520902707
19.444444444444443,0.9,0.0,0.0,150.0,0.895863161026,0.048874633247,18.32981858909375
19.444444444444443,0.9,10.0,0.0,50.0,0.584214814039,0.055413014455,10.542917034651332
19.444444444444443,0.9,10.0,0.0,70.0,0.687281497701,0.054842207567,12.531980899225424
19.444444444444443,0.9,10.0,0.0,90.0,0.758346839528,0.052902224195,14.334876294287724
19.444444444444443,0.9,10.0,0.0,110.0,0.815329735719,0.051952590622,15.693726259990163
19.444444444444443,0.9,10.0,0.0,130.0,0.855348083962,0.050037513854,17.094136340541297
19.444444444444443,0.9,10.0,0.0,150.0,0.888705095256,0.048598511771,18.28667304553786
19.444444444444443,0.9,20.0,0.0,50.0,0.576937918068,0.053459561506,10.792043589868348
19.444444444444443,0.9,20.0,0.0,70.0,0.673907927294,0.052730686445,12.78018498767146
19.444444444444443,0.9,20.0,0.0,90.0,0.739900903869,0.050954211781,14.520897841557762
19.444444444444443,0.9,20.0,0.0,110.0,0.79164732206,0.049747416111,15.913335484472597
19.444444444444443,0.9,20.0,0.0,130.0,0.831688547764,0.048454029103,17.16448689944974
19.444444444444443,0.9,20.0,0.0,150.0,0.86074427742,0.046590040165,18.47485587845919
19.444444444444443,0.9,30.0,0.0,50.0,0.561550243785,0.049853058048,11.264108276854808
19.444444444444443,0.9,30.0,0.0,70.0,0.647129932384,0.04917325231,13.160201979408182
19.444444444444443,0.9,30.0,0.0,90.0,0.70552678875,0.04737146974,14.893495866231488
19.444444444444443,0.9,30.0,0.0,110.0,0.750945354994,0.046116616781,16.283617650447173
19.444444444444443,0.9,30.0,0.0,130.0,0.785343616094,0.044774941479,17.539802178464843
19.444444444444443,0.9,30.0,0.0,150.0,0.810772704193,0.043150207902,18.789543402302378
19.444444444444443,1.0,0.0,0.0,50.0,0.56437655893,0.054600871413,10.336402044961261
19.444444444444443,1.0,0.0,0.0,70.0,0.672360018582,0.055066360128,12.209995667393315
19.444444444444443,1.0,0.0,0.0,90.0,0.746944525482,0.053924243877,13.851738509041756
19.444444444444443,1.0,0.0,0.0,110.0,0.800502495505,0.051935295848,15.413457888982581
19.444444444444443,1.0,0.0,0.0,130.0,0.842218125092,0.050133603664,16.799473078708303
19.444444444444443,1.0,0.0,0.0,150.0,0.878267961843,0.048890848866,17.96385176805083
19.444444444444443,1.0,10.0,0.0,50.0,0.563278238941,0.05405535248,10.42039711329989
19.444444444444443,1.0,10.0,0.0,70.0,0.667511661136,0.054262918663,12.301433051944421
19.444444444444443,1.0,10.0,0.0,90.0,0.740032713563,0.053260029232,13.894710991228095
19.444444444444443,1.0,10.0,0.0,110.0,0.793085318638,0.051381945146,15.435097219158905
19.444444444444443,1.0,10.0,0.0,130.0,0.836911300214,0.050274848576,16.64671946149871
19.444444444444443,1.0,10.0,0.0,150.0,0.869434268533,0.048598466213,17.890158605467015
19.444444444444443,1.0,20.0,0.0,50.0,0.555686947485,0.051969462771,10.692566708522614
19.444444444444443,1.0,20.0,0.0,70.0,0.651867763866,0.051898197054,12.560508859059833
19.444444444444443,1.0,20.0,0.0,90.0,0.718496864643,0.050528516242,14.219631172264178
19.444444444444443,1.0,20.0,0.0,110.0,0.768234278298,0.049013663062,15.673880104129728
19.444444444444443,1.0,20.0,0.0,130.0,0.810750752267,0.048223273554,16.812437076863485
19.444444444444443,1.0,20.0,0.0,150.0,0.840821860135,0.046567873958,18.055835250141442
19.444444444444443,1.0,30.0,0.0,50.0,0.539632764259,0.048422037669,11.144362985047925
19.444444444444443,1.0,30.0,0.0,70.0,0.625012554776,0.048305227081,12.938818271736013
19.444444444444443,1.0,30.0,0.0,90.0,0.684250070861,0.046952412532,14.573267569470588
19.444444444444443,1.0,30.0,0.0,110.0,0.727869860111,0.045301824015,16.067120385042184
19.444444444444443,1.0,30.0,0.0,130.0,0.764342338988,0.044380343281,17.222542289690406
19.444444444444443,1.0,30.0,0.0,150.0,0.793367754901,0.043490479182,18.2423318809824
20.555555555555557,0.7,0.0,0.0,50.0,0.607209657185,0.055854262122,10.871321795616934
20.555555555555557,0.7,0.0,0.0,70.0,0.711393298472,0.055240341655,12.878148055545367
20.555555555555557,0.7,0.0,0.0,90.0,0.787370402599,0.054084069197,14.558268530628144
20.555555555555557,0.7,0.0,0.0,110.0,0.843722944203,0.052589673724,16.043509770207145
20.555555555555557,0.7,0.0,0.0,130.0,0.883858028439,0.05034306996,17.556697061606847
20.555555555555557,0.7,0.0,0.0,150.0,0.915109603943,0.048080337521,19.03292803515176
20.555555555555557,0.7,10.0,0.0,50.0,0.60947243957,0.057401144234,10.617775093218361
20.555555555555557,0.7,10.0,0.0,70.0,0.713173723803,0.05592634125,12.752018241547315
20.555555555555557,0.7,10.0,0.0,90.0,0.787678580429,0.054377270363,14.485438036348384
20.555555555555557,0.7,10.0,0.0,110.0,0.842207148469,0.05248931474,16.045306604606665
20.555555555555557,0.7,10.0,0.0,130.0,0.881898340519,0.050333833324,17.52098503688763
20.555555555555557,0.7,10.0,0.0,150.0,0.912056974384,0.048124567118,18.952003706291293
20.555555555555557,0.7,20.0,0.0,50.0,0.605691888075,0.05607605489,10.801257136635918
20.555555555555557,0.7,20.0,0.0,70.0,0.704011917976,0.054371190157,12.948252851245748
20.555555555555557,0.7,20.0,0.0,90.0,0.77324162921,0.05280800424,14.64250808827764
20.555555555555557,0.7,20.0,0.0,110.0,0.823290740202,0.050738694951,16.22609215702293
20.555555555555557,0.7,20.0,0.0,130.0,0.859627431623,0.048576252427,17.696454309949935
20.555555555555557,0.7,20.0,0.0,150.0,0.886864146613,0.046309656604,19.150738995900845
20.555555555555557,0.7,30.0,0.0,50.0,0.593465584076,0.052872265302,11.224515928837098
20.555555555555557,0.7,30.0,0.0,70.0,0.683043591961,0.051724085348,13.20552286938431
20.555555555555557,0.7,30.0,0.0,90.0,0.742574276285,0.049680492302,14.94699915151819
20.555555555555557,0.7,30.0,0.0,110.0,0.78394674175,0.047255948963,16.589376765321273
20.555555555555557,0.7,30.0,0.0,130.0,0.812956822564,0.044632486819,18.21446395897271
20.555555555555557,0.7,30.0,0.0,150.0,0.83756633076,0.042834175233,19.5536934282962
20.555555555555557,0.7999999999999999,0.0,0.0,50.0,0.588710686889,0.056266042961,10.462983638231968
20.555555555555557,0.7999999999999999,0.0,0.0,70.0,0.693789421377,0.055939056845,12.40259418923351
20.555555555555557,0.7999999999999999,0.0,0.0,90.0,0.767199114517,0.054242020973,14.14399944461671
20.555555555555557,0.7999999999999999,0.0,0.0,110.0,0.82426240316,0.052775514517,15.618273184139007
20.555555555555557,0.7999999999999999,0.0,0.0,130.0,0.867165322723,0.051036698063,16.991015399400762
20.555555555555557,0.7999999999999999,0.0,0.0,150.0,0.899590122241,0.049020463337,18.35131822513806
20.555555555555557,0.7999999999999999,10.0,0.0,50.0,0.587498014092,0.056234748919,10.447241703492383
20.555555555555557,0.7999999999999999,10.0,0.0,70.0,0.692124599522,0.055697387773,12.426518140183155
20.555555555555557,0.7999999999999999,10.0,0.0,90.0,0.76402397436,0.053691942289,14.22976971567906
20.555555555555557,0.7999999999999999,10.0,0.0,110.0,0.821199339036,0.052383188162,15.676772793904082
20.555555555555557,0.7999999999999999,10.0,0.0,130.0,0.863082855292,0.050737023906,17.010908185924055
20.555555555555557,0.7999999999999999,10.0,0.0,150.0,0.894557151925,0.048810214043,18.327253208456085
20.555555555555557,0.7999999999999999,20.0,0.0,50.0,0.582512564915,0.054522960847,10.683802857838588
20.555555555555557,0.7999999999999999,20.0,0.0,70.0,0.681236551138,0.053871173549,12.645660123189309
20.555555555555557,0.7999999999999999,20.0,0.0,90.0,0.747926734832,0.051828338456,14.430845308053955
20.555555555555557,0.7999999999999999,20.0,0.0,110.0,0.799965433087,0.050412515215,15.868389618635296
20.555555555555557,0.7999999999999999,20.0,0.0,130.0,0.839748623574,0.048983514677,17.14349468614796
20.555555555555557,0.7999999999999999,20.0,0.0,150.0,0.868391397648,0.046883659091,18.522261582921125
20.555555555555557,0.7999999999999999,30.0,0.0,50.0,0.56948818191,0.051363379822,11.087435910245071
20.555555555555557,0.7999999999999999,30.0,0.0,70.0,0.656626749944,0.05035225734,13.040661623374204
20.555555555555557,0.7999999999999999,30.0,0.0,90.0,0.718114217957,0.048974860303,14.662915085701863
20.555555555555557,0.7999999999999999,30.0,0.0,110.0,0.762225973809,0.047216212688,16.14331032532645
20.555555555555557,0.7999999999999999,30.0,0.0,130.0,0.794596910433,0.045256746308,17.557535069474042
20.555555555555557,0.7999999999999999,30.0,0.0,150.0,0.81946972991,0.043415836369,18.874903685953683
20.555555555555557,0.9,0.0,0.0,50.0,0.567175465436,0.055301312282,10.256094150963026
20.555555555555557,0.9,0.0,0.0,70.0,0.674499797884,0.055874745896,12.071639648070178
20.555555555555557,0.9,0.0,0.0,90.0,0.749816227172,0.054337468141,13.799248526381573
20.555555555555557,0.9,0.0,0.0,110.0,0.803759726684,0.052350289661,15.353491487608448
20.555555555555557,0.9,0.0,0.0,130.0,0.848511370419,0.051005645276,16.635636424704842
20.555555555555557,0.9,0.0,0.0,150.0,0.882708740428,0.049434370643,17.856174336731303
20.555555555555557,0.9,10.0,0.0,50.0,0.564913075898,0.054567765559,10.352505185267338
20.555555555555557,0.9,10.0,0.0,70.0,0.671861088654,0.05522505348,12.16587483971052
20.555555555555557,0.9,10.0,0.0,90.0,0.745043603934,0.05384876166,13.835853991187214
20.555555555555557,0.9,10.0,0.0,110.0,0.798508391278,0.051883606986,15.39037930600055
20.555555555555557,0.9,10.0,0.0,130.0,0.842406089649,0.050712588598,16.61138019056323
20.555555555555557,0.9,10.0,0.0,150.0,0.876365512764,0.049245707629,17.79577459554917
20.555555555555557,0.9,20.0,0.0,50.0,0.560351483458,0.053134211783,10.545963977907007
20.555555555555557,0.9,20.0,0.0,70.0,0.658376257406,0.053088378248,12.401513836614571
20.555555555555557,0.9,20.0,0.0,90.0,0.725697250194,0.051448482427,14.105318873568104
20.555555555555557,0.9,20.0,0.0,110.0,0.77592127939,0.049730776282,15.60243650712615
20.555555555555557,0.9,20.0,0.0,130.0,0.818025213453,0.048714817119,16.792123255943615
20.555555555555557,0.9,20.0,0.0,150.0,0.849795994362,0.047353662972,17.94572882069293
20.555555555555557,0.9,30.0,0.0,50.0,0.546658574006,0.049832815387,10.969851286961566
20.555555555555557,0.9,30.0,0.0,70.0,0.633485377207,0.049452008465,12.810104116506283
20.555555555555557,0.9,30.0,0.0,90.0,0.693128030952,0.047807939908,14.498178174709732
20.555555555555557,0.9,30.0,0.0,110.0,0.739600581525,0.046740469657,15.82355904749098
20.555555555555557,0.9,30.0,0.0,130.0,0.773123968142,0.044923746261,17.20969492727231
20.555555555555557,0.9,30.0,0.0,150.0,0.801389072739,0.043852429392,18.274679050853162
20.555555555555557,1.0,0.0,0.0,50.0,0.566327224973,0.058689657489,9.649523428879181
20.555555555555557,1.0,0.0,0.0,70.0,0.654088385626,0.05489123892,11.916079842527992
20.555555555555557,1.0,0.0,0.0,90.0,0.73118432147,0.054248914273,13.478321755720643
20.555555555555557,1.0,0.0,0.0,110.0,0.787236091313,0.052786034863,14.91371900458482
20.555555555555557,1.0,0.0,0.0,130.0,0.828736873393,0.050780591921,16.319952998623496
20.555555555555557,1.0,0.0,0.0,150.0,0.865684895464,0.049678845418,17.425624290985205
20.555555555555557,1.0,10.0,0.0,50.0,0.545512869052,0.053354530938,10.224302593643017
20.555555555555557,1.0,10.0,0.0,70.0,0.649602130878,0.054099823305,12.007472320486537
20.555555555555557,1.0,10.0,0.0,90.0,0.724453878817,0.053522782237,13.535430120375713
20.555555555555557,1.0,10.0,0.0,110.0,0.778792932959,0.051932276574,14.996317980577501
20.555555555555557,1.0,10.0,0.0,130.0,0.820677861892,0.050230050362,16.338384213782486
20.555555555555557,1.0,10.0,0.0,150.0,0.857105992887,0.049274837422,17.394395146280548
20.555555555555557,1.0,20.0,0.0,50.0,0.539571481359,0.051770932519,10.422286312130394
20.555555555555557,1.0,20.0,0.0,70.0,0.636275795445,0.05203722684,12.227319441932814
20.555555555555557,1.0,20.0,0.0,90.0,0.705086397087,0.051085858641,13.801987787695097
20.555555555555557,1.0,20.0,0.0,110.0,0.755907843747,0.049766410033,15.189117383507453
20.555555555555557,1.0,20.0,0.0,130.0,0.795451626857,0.048131148286,16.52675357193534
20.555555555555557,1.0,20.0,0.0,150.0,0.829395776537,0.047233418945,17.55951178344242
20.555555555555557,1.0,30.0,0.0,50.0,0.525055828562,0.048297627028,10.871255191432175
20.555555555555557,1.0,30.0,0.0,70.0,0.611324491897,0.048405173681,12.629321318538251
20.555555555555557,1.0,30.0,0.0,90.0,0.671572370133,0.047310170826,14.195095016734276
20.555555555555557,1.0,30.0,0.0,110.0,0.716188220085,0.045805663763,15.635363866586047
20.555555555555557,1.0,30.0,0.0,130.0,0.753842335165,0.045001950627,16.751325768370453
20.555555555555557,1.0,30.0,0.0,150.0,0.781592786351,0.043684021574,17.891960451191405
21.666666666666668,0.7,0.0,0.0,50.0,0.591295322783,0.055917200287,10.574480119679173
21.666666666666668,0.7,0.0,0.0,70.0,0.696918215648,0.055770532338,12.496172914834192
21.666666666666668,0.7,0.0,0.0,90.0,0.773425183865,0.054777541558,14.119384730803878
21.666666666666668,0.7,0.0,0.0,110.0,0.829764159502,0.053073801441,15.634157286140796
21.666666666666668,0.7,0.0,0.0,130.0,0.871564741381,0.051071460444,17.065592677473422
21.666666666666668,0.7,0.0,0.0,150.0,0.903909388779,0.048933328711,18.472264458391628
21.666666666666668,0.7,10.0,0.0,50.0,0.593409299079,0.057291546092,10.357711382515154
21.666666666666668,0.7,10.0,0.0,70.0,0.697982928334,0.056511694374,12.351123711044297
21.666666666666668,0.7,10.0,0.0,90.0,0.773201202192,0.054896402357,14.084733588983665
21.666666666666668,0.7,10.0,0.0,110.0,0.829462498411,0.053290522572,15.564915830771334
21.666666666666668,0.7,10.0,0.0,130.0,0.870008117861,0.051097745682,17.026350306633475
21.666666666666668,0.7,10.0,0.0,150.0,0.901272835984,0.048922573669,18.422433007752726
21.666666666666668,0.7,20.0,0.0,50.0,0.58932729678,0.055827665004,10.556187451826531
21.666666666666668,0.7,20.0,0.0,70.0,0.689846511611,0.054962304617,12.551266116261587
21.666666666666668,0.7,20.0,0.0,90.0,0.759874519734,0.053373955552,14.23680354725979
21.666666666666668,0.7,20.0,0.0,110.0,0.811114249571,0.051423272701,15.77329109890018
21.666666666666668,0.7,20.0,0.0,130.0,0.848899275763,0.049343635777,17.2038250200989
21.666666666666668,0.7,20.0,0.0,150.0,0.877126689683,0.047116258702,18.61622110598029
21.666666666666668,0.7,30.0,0.0,50.0,0.57882693837,0.053034970628,10.914061637368123
21.666666666666668,0.7,30.0,0.0,70.0,0.667750561346,0.051533117641,12.95769772746554
21.666666666666668,0.7,30.0,0.0,90.0,0.729530840434,0.049899382327,14.620037491711775
21.666666666666668,0.7,30.0,0.0,110.0,0.773671397484,0.047941488348,16.137826007153482
21.666666666666668,0.7,30.0,0.0,130.0,0.805189351741,0.045743515145,17.602262292013897
21.666666666666668,0.7,30.0,0.0,150.0,0.829442009662,0.043608348967,19.02025711383085
21.666666666666668,0.7999999999999999,0.0,0.0,50.0,0.571266772482,0.055882504535,10.222640828923613
21.666666666666668,0.7999999999999999,0.0,0.0,70.0,0.677693468214,0.056316018044,12.033760406932794
21.666666666666668,0.7999999999999999,0.0,0.0,90.0,0.753374561341,0.054907966652,13.72067856957436
21.666666666666668,0.7999999999999999,0.0,0.0,110.0,0.81055930793,0.05330844181,15.205083480379445
21.666666666666668,0.7999999999999999,0.0,0.0,130.0,0.852883541687,0.051362663006,16.605126988594208
21.666666666666668,0.7999999999999999,0.0,0.0,150.0,0.887934203154,0.049771746264,17.84012556931812
21.666666666666668,0.7999999999999999,10.0,0.0,50.0,0.568540740188,0.055397579216,10.262916687590446
21.666666666666668,0.7999999999999999,10.0,0.0,70.0,0.676192066057,0.056055547479,12.06289290654633
21.666666666666668,0.7999999999999999,10.0,0.0,90.0,0.75046946232,0.054330228236,13.813110798285365
21.666666666666668,0.7999999999999999,10.0,0.0,110.0,0.807835769634,0.053035401745,15.232009998117153
21.666666666666668,0.7999999999999999,10.0,0.0,130.0,0.849009457306,0.051037087003,16.635147246081942
21.666666666666668,0.7999999999999999,10.0,0.0,150.0,0.883299667844,0.04956498913,17.82104028162429
21.666666666666668,0.7999999999999999,20.0,0.0,50.0,0.566155935372,0.054349432334,10.416961338119135
21.666666666666668,0.7999999999999999,20.0,0.0,70.0,0.66633667915,0.054046257933,12.32900675521409
21.666666666666668,0.7999999999999999,20.0,0.0,90.0,0.734398278671,0.052259768008,14.052842304209564
21.666666666666668,0.7999999999999999,20.0,0.0,110.0,0.787595858567,0.051012228737,15.4393540150451
21.666666666666668,0.7999999999999999,20.0,0.0,130.0,0.827655703756,0.049434951675,16.74231845511357
21.666666666666668,0.7999999999999999,20.0,0.0,150.0,0.8581673403,0.04767711086,17.999566769470142
21.666666666666668,0.7999999999999999,30.0,0.0,50.0,0.555082972683,0.051323563839,10.815362986566432
21.666666666666668,0.7999999999999999,30.0,0.0,70.0,0.643575534225,0.050701937735,12.693312385588255
21.666666666666668,0.7999999999999999,30.0,0.0,90.0,0.703680411784,0.048870845296,14.39877717526599
21.666666666666668,0.7999999999999999,30.0,0.0,110.0,0.74996502964,0.047431105435,15.81167090165669
21.666666666666668,0.7999999999999999,30.0,0.0,130.0,0.784935876419,0.045970488985,17.074777618204617
21.666666666666668,0.7999999999999999,30.0,0.0,150.0,0.810797233016,0.044141541157,18.368122448017953
21.666666666666668,0.9,0.0,0.0,50.0,0.555345533556,0.056152919367,9.889878207870453
21.666666666666668,0.9,0.0,0.0,70.0,0.658286434278,0.056030964359,11.748618675563854
21.666666666666668,0.9,0.0,0.0,90.0,0.735371209047,0.054912675409,13.391647803896205
21.666666666666668,0.9,0.0,0.0,110.0,0.79120944243,0.053201256709,14.87200662867334
21.666666666666668,0.9,0.0,0.0,130.0,0.832899492486,0.051015712361,16.3263326912343
21.666666666666668,0.9,0.0,0.0,150.0,0.869865673389,0.04991060079,17.428475306257678
21.666666666666668,0.9,10.0,0.0,50.0,0.553598612071,0.055511890004,9.972613291154554
21.666666666666668,0.9,10.0,0.0,70.0,0.655904240654,0.055527967129,11.812142143259695
21.666666666666668,0.9,10.0,0.0,90.0,0.730236145167,0.054250100247,13.460549231102695
21.666666666666668,0.9,10.0,0.0,110.0,0.784929402902,0.052513750372,14.94712141756532
21.666666666666668,0.9,10.0,0.0,130.0,0.826930477165,0.050639398578,16.32978472071063
21.666666666666668,0.9,10.0,0.0,150.0,0.863270053127,0.049608895141,17.401517422901396
21.666666666666668,0.9,20.0,0.0,50.0,0.544607679185,0.052872662506,10.300364183914471
21.666666666666668,0.9,20.0,0.0,70.0,0.643460603511,0.053183453117,12.098887262837751
21.666666666666668,0.9,20.0,0.0,90.0,0.712924704434,0.052079915962,13.689052512185006
21.666666666666668,0.9,20.0,0.0,110.0,0.764271559046,0.050501751689,15.133565341506149
21.666666666666668,0.9,20.0,0.0,130.0,0.806442927976,0.049371777196,16.334087484323664
21.666666666666668,0.9,20.0,0.0,150.0,0.837231688231,0.047603069139,17.587766994315018
21.666666666666668,0.9,30.0,0.0,50.0,0.532549001534,0.049734994976,10.707732086652175
21.666666666666668,0.9,30.0,0.0,70.0,0.620875376146,0.049726951517,12.485691505415192
21.666666666666668,0.9,30.0,0.0,90.0,0.681076737922,0.04822396067,14.12320200289347
21.666666666666668,0.9,30.0,0.0,110.0,0.725714992061,0.046554266966,15.588581656564623
21.666666666666668,0.9,30.0,0.0,130.0,0.76302812349,0.045536783294,16.7563026699459
21.666666666666668,0.9,30.0,0.0,150.0,0.792097700568,0.044474361224,17.810209720124206
21.666666666666668,1.0,0.0,0.0,50.0,0.539144026763,0.055930397598,9.63955290713469
21.666666666666668,1.0,0.0,0.0,70.0,0.63793642207,0.055357197835,11.524001340737302
21.666666666666668,1.0,0.0,0.0,90.0,0.716684271388,0.054718296949,13.097707921282401
21.666666666666668,1.0,0.0,0.0,110.0,0.773062433384,0.053307248828,14.50201333552865
21.666666666666668,1.0,0.0,0.0,130.0,0.817073125325,0.051660358549,15.81624960171354
21.666666666666668,1.0,0.0,0.0,150.0,0.850502516891,0.049702065212,17.112015632816316
21.666666666666668,1.0,10.0,0.0,50.0,0.545498878209,0.056638101839,9.631305790572577
21.666666666666668,1.0,10.0,0.0,70.0,0.633777888845,0.054323839499,11.666662273690479
21.666666666666668,1.0,10.0,0.0,90.0,0.709564306712,0.053804869664,13.187733956853322
21.666666666666668,1.0,10.0,0.0,110.0,0.766226069737,0.052697631483,14.54004759178182
21.666666666666668,1.0,10.0,0.0,130.0,0.807817890041,0.050782261996,15.907481437211874
21.666666666666668,1.0,10.0,0.0,150.0,0.842032340266,0.049160322382,17.12829166828876
21.666666666666668,1.0,20.0,0.0,50.0,0.524491199545,0.051433110117,10.197540035045282
21.666666666666668,1.0,20.0,0.0,70.0,0.621259475813,0.052016659579,11.943471204056573
21.666666666666668,1.0,20.0,0.0,90.0,0.690986897936,0.051356683778,13.454663484950379
21.666666666666668,1.0,20.0,0.0,110.0,0.743339913609,0.050203333336,14.806584826429502
21.666666666666668,1.0,20.0,0.0,130.0,0.783532368549,0.048796843407,16.05702979624704
21.666666666666668,1.0,20.0,0.0,150.0,0.815136240112,0.047105688359,17.304412025565068
21.666666666666668,1.0,30.0,0.0,50.0,0.511212550561,0.048154279815,10.616139469326212
21.666666666666668,1.0,30.0,0.0,70.0,0.598284118976,0.048516902999,12.331457327116107
21.666666666666668,1.0,30.0,0.0,90.0,0.659333819209,0.047615909165,13.8469228199394
21.666666666666668,1.0,30.0,0.0,110.0,0.704895307526,0.046249163393,15.241255318202983
21.666666666666668,1.0,30.0,0.0,130.0,0.740342423595,0.04485056565,16.506869263866243
21.666666666666668,1.0,30.0,0.0,150.0,0.771932717187,0.044247445486,17.445814299748477
22.77777777777778,0.7,0.0,0.0,50.0,0.575428279035,0.05556680852,10.355611458734181
22.77777777777778,0.7,0.0,0.0,70.0,0.681494702549,0.055906241835,12.189957331783148
22.77777777777778,0.7,0.0,0.0,90.0,0.759523798391,0.055302077735,13.734091547708827
22.77777777777778,0.7,0.0,0.0,110.0,0.815416755498,0.053323666019,15.29183599656211
22.77777777777778,0.7,0.0,0.0,130.0,0.859445625926,0.051803040613,16.590640544569148
22.77777777777778,0.7,0.0,0.0,150.0,0.892900019045,0.049734148862,17.953459332793198
22.77777777777778,0.7,10.0,0.0,50.0,0.57714115348,0.056866548525,10.149044885786832
22.77777777777778,0.7,10.0,0.0,70.0,0.682727265737,0.056892985989,12.000200971504682
22.77777777777778,0.7,10.0,0.0,90.0,0.7594204737,0.055381488267,13.712532787828918
22.77777777777778,0.7,10.0,0.0,110.0,0.815373778626,0.053568319302,15.22119396782265
22.77777777777778,0.7,10.0,0.0,130.0,0.858161559506,0.051774840696,16.574875904394613
22.77777777777778,0.7,10.0,0.0,150.0,0.890654688892,0.049690467108,17.92405547237465
22.77777777777778,0.7,20.0,0.0,50.0,0.573145860233,0.055541509912,10.319234409383046
22.77777777777778,0.7,20.0,0.0,70.0,0.67543992075,0.055201118131,12.235982596350427
22.77777777777778,0.7,20.0,0.0,90.0,0.74699898138,0.053880177626,13.864077927975016
22.77777777777778,0.7,20.0,0.0,110.0,0.797662727274,0.05168753419,15.432400476715408
22.77777777777778,0.7,20.0,0.0,130.0,0.838270269384,0.050015826131,16.760100436778288
22.77777777777778,0.7,20.0,0.0,150.0,0.867564197535,0.04796420987,18.08774083606102
22.77777777777778,0.7,30.0,0.0,50.0,0.564655625232,0.052882675266,10.677516263914045
22.77777777777778,0.7,30.0,0.0,70.0,0.655209715934,0.051803785502,12.647911915794342
22.77777777777778,0.7,30.0,0.0,90.0,0.718338934407,0.050429050143,14.244546196488532
22.77777777777778,0.7,30.0,0.0,110.0,0.763325310625,0.048581078301,15.712399504506006
22.77777777777778,0.7,30.0,0.0,130.0,0.796258365317,0.046458322309,17.139197580596818
22.77777777777778,0.7,30.0,0.0,150.0,0.821422159941,0.044384430407,18.506988878952722
22.77777777777778,0.7999999999999999,0.0,0.0,50.0,0.552829269902,0.054804835316,10.087235308972897
22.77777777777778,0.7999999999999999,0.0,0.0,70.0,0.662194898974,0.05652770819,11.714518776318357
22.77777777777778,0.7999999999999999,0.0,0.0,90.0,0.739927222428,0.055520397976,13.327123893237419
22.77777777777778,0.7999999999999999,0.0,0.0,110.0,0.794805690144,0.053334125512,14.902385339854712
22.77777777777778,0.7999999999999999,0.0,0.0,130.0,0.840582138494,0.052065468071,16.144714906773242
22.77777777777778,0.7999999999999999,0.0,0.0,150.0,0.875724851282,0.050291993971,17.41280832466041
22.77777777777778,0.7999999999999999,10.0,0.0,50.0,0.556178997411,0.056058909935,9.921330936614474
22.77777777777778,0.7999999999999999,10.0,0.0,70.0,0.661962008645,0.056488221609,11.718584685263533
22.77777777777778,0.7999999999999999,10.0,0.0,90.0,0.737254550135,0.055055359778,13.391149437726591
22.77777777777778,0.7999999999999999,10.0,0.0,110.0,0.792187029518,0.053095011611,14.920178101135928
22.77777777777778,0.7999999999999999,10.0,0.0,130.0,0.837029293527,0.051638742076,16.20932772326427
22.77777777777778,0.7999999999999999,10.0,0.0,150.0,0.871862048207,0.050136404939,17.38979987232387
22.77777777777778,0.7999999999999999,20.0,0.0,50.0,0.547017892126,0.053010808742,10.318987865065385
22.77777777777778,0.7999999999999999,20.0,0.0,70.0,0.651966665496,0.054296161956,12.007601311200126
22.77777777777778,0.7999999999999999,20.0,0.0,90.0,0.721292830671,0.052761341648,13.670858400135884
22.77777777777778,0.7999999999999999,20.0,0.0,110.0,0.773738044137,0.051205297011,15.110507883018125
22.77777777777778,0.7999999999999999,20.0,0.0,130.0,0.815725384923,0.049861247098,16.359907390999044
22.77777777777778,0.7999999999999999,20.0,0.0,150.0,0.847943917842,0.048334248976,17.543334918952397
22.77777777777778,0.7999999999999999,30.0,0.0,50.0,0.541267861606,0.051209501038,10.569676537257264
22.77777777777778,0.7999999999999999,30.0,0.0,70.0,0.631406719264,0.050956123231,12.391184399991271
22.77777777777778,0.7999999999999999,30.0,0.0,90.0,0.692239201668,0.049275836797,14.0482485263476
22.77777777777778,0.7999999999999999,30.0,0.0,110.0,0.739548091728,0.047961499729,15.419619818119052
22.77777777777778,0.7999999999999999,30.0,0.0,130.0,0.773658912935,0.046193305126,16.74829092278016
22.77777777777778,0.7999999999999999,30.0,0.0,150.0,0.802278183229,0.044816788976,17.901286583887813
22.77777777777778,0.9,0.0,0.0,50.0,0.545461840694,0.057053340711,9.560559187182424
22.77777777777778,0.9,0.0,0.0,70.0,0.641609157603,0.055974533311,11.462519107361851
22.77777777777778,0.9,0.0,0.0,90.0,0.720961475363,0.055208603127,13.058861020347221
22.77777777777778,0.9,0.0,0.0,110.0,0.777661039896,0.053562404375,14.518785124944273
22.77777777777778,0.9,0.0,0.0,130.0,0.820361043181,0.051606789155,15.896378298542492
22.77777777777778,0.9,0.0,0.0,150.0,0.858198099954,0.050493073518,16.9963529680574
22.77777777777778,0.9,10.0,0.0,50.0,0.542076930876,0.056013623177,9.677590916821543
22.77777777777778,0.9,10.0,0.0,70.0,0.639351795019,0.05549623979,11.520632703014346
22.77777777777778,0.9,10.0,0.0,90.0,0.715991445906,0.05468748521,13.092418551641058
22.77777777777778,0.9,10.0,0.0,110.0,0.772972360789,0.05331311921,14.49872699708804
22.77777777777778,0.9,10.0,0.0,130.0,0.814707566421,0.051198549623,15.912707926691104
22.77777777777778,0.9,10.0,0.0,150.0,0.851865603608,0.050215415813,16.964224826501688
22.77777777777778,0.9,20.0,0.0,50.0,0.531275530795,0.052812994298,10.05956086862356
22.77777777777778,0.9,20.0,0.0,70.0,0.62898907846,0.053205963266,11.821777858158624
22.77777777777778,0.9,20.0,0.0,90.0,0.699543523295,0.052378462111,13.355556751791093
22.77777777777778,0.9,20.0,0.0,110.0,0.752060639611,0.050938421865,14.764113454558041
22.77777777777778,0.9,20.0,0.0,130.0,0.792205813047,0.049326800047,16.060352836433
22.77777777777778,0.9,20.0,0.0,150.0,0.826735985763,0.048250879872,17.134112123056955
22.77777777777778,0.9,30.0,0.0,50.0,0.51910108928,0.049583936189,10.469138377827305
22.77777777777778,0.9,30.0,0.0,70.0,0.608131776618,0.049784744063,12.215223520049454
22.77777777777778,0.9,30.0,0.0,90.0,0.669412083289,0.048671896,13.75356495849268
22.77777777777778,0.9,30.0,0.0,110.0,0.715023549615,0.047036867955,15.201342706301373
22.77777777777778,0.9,30.0,0.0,130.0,0.753183924302,0.046132224559,16.326633530076762
22.77777777777778,0.9,30.0,0.0,150.0,0.781358001998,0.044633694432,17.506012261396126
22.77777777777778,1.0,0.0,0.0,50.0,0.519689997279,0.054440597431,9.546000995629669
22.77777777777778,1.0,0.0,0.0,70.0,0.622475080693,0.05545385987,11.22509924741511
22.77777777777778,1.0,0.0,0.0,90.0,0.698758320339,0.05417355059,12.898514362246456
22.77777777777778,1.0,0.0,0.0,110.0,0.759310539592,0.053695408987,14.141070045221815
22.77777777777778,1.0,0.0,0.0,130.0,0.804201223697,0.052146206814,15.422046450387093
22.77777777777778,1.0,0.0,0.0,150.0,0.840254654379,0.050666438713,16.584048054741363
22.77777777777778,1.0,10.0,0.0,50.0,0.51713652304,0.053398646903,9.684449944572409
22.77777777777778,1.0,10.0,0.0,70.0,0.618619201746,0.054473140052,11.356407968321026
22.77777777777778,1.0,10.0,0.0,90.0,0.695204230501,0.054031661337,12.866608453235465
22.77777777777778,1.0,10.0,0.0,110.0,0.752750965218,0.053153103092,14.161938276963843
22.77777777777778,1.0,10.0,0.0,130.0,0.79681899207,0.051624779124,15.43481648911432
22.77777777777778,1.0,10.0,0.0,150.0,0.830360880068,0.049758165972,16.68793179666755
22.77777777777778,1.0,20.0,0.0,50.0,0.513699433787,0.051843410622,9.908673592724805
22.77777777777778,1.0,20.0,0.0,70.0,0.607086432178,0.052083843266,11.655945377869266
22.77777777777778,1.0,20.0,0.0,90.0,0.678846641313,0.051916166358,13.075823754625008
22.77777777777778,1.0,20.0,0.0,110.0,0.732214227293,0.050875205934,14.392358986082447
22.77777777777778,1.0,20.0,0.0,130.0,0.771931127004,0.049320667763,15.65127079611637
22.77777777777778,1.0,20.0,0.0,150.0,0.804370081969,0.047669273244,16.873974097564908
22.77777777777778,1.0,30.0,0.0,50.0,0.498061906554,0.048007358068,10.374699350222947
22.77777777777778,1.0,30.0,0.0,70.0,0.585661201495,0.048557996266,12.061066076259745
22.77777777777778,1.0,30.0,0.0,90.0,0.647541403302,0.047891625277,13.520973647411012
22.77777777777778,1.0,30.0,0.0,110.0,0.693924030228,0.046718771497,14.853216554989242
22.77777777777778,1.0,30.0,0.0,130.0,0.730247948515,0.045361233853,16.09850276298656
22.77777777777778,1.0,30.0,0.0,150.0,0.759331566111,0.044041493253,17.24127657863363
23.88888888888889,0.7,0.0,0.0,50.0,0.559580991568,0.055020062742,10.170489884607846
23.88888888888889,0.7,0.0,0.0,70.0,0.666641192816,0.056031976061,11.897513521390922
23.88888888888889,0.7,0.0,0.0,90.0,0.744541074197,0.055282519113,13.467929575986288
23.88888888888889,0.7,0.0,0.0,110.0,0.802663921565,0.053859471893,14.902929667777164
23.88888888888889,0.7,0.0,0.0,130.0,0.846864382325,0.052154251165,16.237686543437885
23.88888888888889,0.7,0.0,0.0,150.0,0.882056116932,0.050411292455,17.49719306878263
23.88888888888889,0.7,10.0,0.0,50.0,0.551651402314,0.054167126624,10.184247101443592
23.88888888888889,0.7,10.0,0.0,70.0,0.669014392105,0.057365105821,11.662392712959832
23.88888888888889,0.7,10.0,0.0,90.0,0.745407113122,0.055709243751,13.38031290558705
23.88888888888889,0.7,10.0,0.0,110.0,0.802942312013,0.054231584795,14.805805787313615
23.88888888888889,0.7,10.0,0.0,130.0,0.846032596621,0.052228331044,16.198729304757144
23.88888888888889,0.7,10.0,0.0,150.0,0.880181294083,0.050387197925,17.46835169110071
23.88888888888889,0.7,20.0,0.0,50.0,0.552890709113,0.053972536657,10.243926696028145
23.88888888888889,0.7,20.0,0.0,70.0,0.661567546895,0.055471340799,11.926294503898601
23.88888888888889,0.7,20.0,0.0,90.0,0.731978015081,0.053654973581,13.642314332257989
23.88888888888889,0.7,20.0,0.0,110.0,0.787047274196,0.052517748786,14.986310197778476
23.88888888888889,0.7,20.0,0.0,130.0,0.827572558501,0.050635426428,16.34374620460143
23.88888888888889,0.7,20.0,0.0,150.0,0.85808591978,0.048648864499,17.63835453544118
23.88888888888889,0.7,30.0,0.0,50.0,0.551004575648,0.052718402236,10.451845129550104
23.88888888888889,0.7,30.0,0.0,70.0,0.643488769128,0.052190787059,12.329547136366362
23.88888888888889,0.7,30.0,0.0,90.0,0.707368874693,0.050909587013,13.894610351334613
23.88888888888889,0.7,30.0,0.0,110.0,0.752162478872,0.048810855405,15.40973770344847
23.88888888888889,0.7,30.0,0.0,130.0,0.787411762636,0.047097981097,16.71858844680193
23.88888888888889,0.7,30.0,0.0,150.0,0.813542936539,0.045144830279,18.020733083084274
23.88888888888889,0.7999999999999999,0.0,0.0,50.0,0.538563951244,0.054433726161,9.893938725617936
23.88888888888889,0.7999999999999999,0.0,0.0,70.0,0.647340308057,0.056568964933,11.443382583077252
23.88888888888889,0.7999999999999999,0.0,0.0,90.0,0.7260059254,0.055864867792,12.995751249302446
23.88888888888889,0.7999999999999999,0.0,0.0,110.0,0.783135018707,0.054157697528,14.460271659483166
23.88888888888889,0.7999999999999999,0.0,0.0,130.0,0.828557364715,0.052618917127,15.746378107995076
23.88888888888889,0.7999999999999999,0.0,0.0,150.0,0.863745032579,0.050730588079,17.026119059253496
23.88888888888889,0.7999999999999999,10.0,0.0,50.0,0.547635807633,0.057148353153,9.582704967312814
23.88888888888889,0.7999999999999999,10.0,0.0,70.0,0.647266053652,0.056759250604,11.403710351425696
23.88888888888889,0.7999999999999999,10.0,0.0,90.0,0.723537682446,0.055377866881,13.065466822707176
23.88888888888889,0.7999999999999999,10.0,0.0,110.0,0.7796048118,0.053643090594,14.533182245230275
23.88888888888889,0.7999999999999999,10.0,0.0,130.0,0.825369181092,0.052201990979,15.811067080258152
23.88888888888889,0.7999999999999999,10.0,0.0,150.0,0.859620808348,0.050402575625,17.05509684155154
23.88888888888889,0.7999999999999999,20.0,0.0,50.0,0.551618910996,0.057067807776,9.666025952165358
23.88888888888889,0.7999999999999999,20.0,0.0,70.0,0.638112448432,0.054438702064,11.721669037623512
23.88888888888889,0.7999999999999999,20.0,0.0,90.0,0.709402481317,0.053438152791,13.275205901886581
23.88888888888889,0.7999999999999999,20.0,0.0,110.0,0.762570712023,0.051813278871,14.717669459243824
23.88888888888889,0.7999999999999999,20.0,0.0,130.0,0.805006057697,0.050422510383,15.965211798903384
23.88888888888889,0.7999999999999999,20.0,0.0,150.0,0.836384688838,0.048647854902,17.192632450554665
23.88888888888889,0.7999999999999999,30.0,0.0,50.0,0.528119316592,0.051007917157,10.353673430077006
23.88888888888889,0.7999999999999999,30.0,0.0,70.0,0.619108347974,0.05108853829,12.118341387253654
23.88888888888889,0.7999999999999999,30.0,0.0,90.0,0.681085331921,0.0496915177,13.706269469024488
23.88888888888889,0.7999999999999999,30.0,0.0,110.0,0.726634291255,0.047814875022,15.196825065853876
23.88888888888889,0.7999999999999999,30.0,0.0,130.0,0.764421140591,0.046745858862,16.35270287465833
23.88888888888889,0.7999999999999999,30.0,0.0,150.0,0.793613236849,0.045410722637,17.476340184958328
23.88888888888889,0.9,0.0,0.0,50.0,0.525620742998,0.055596502721,9.454205161711757
23.88888888888889,0.9,0.0,0.0,70.0,0.626853649451,0.056134012507,11.167091420247756
23.88888888888889,0.9,0.0,0.0,90.0,0.706901667968,0.055527068775,12.730757872928978
23.88888888888889,0.9,0.0,0.0,110.0,0.764521089011,0.05409505375,14.132920406073172
23.88888888888889,0.9,0.0,0.0,130.0,0.809543735228,0.052493711683,15.4217278465026
23.88888888888889,0.9,0.0,0.0,150.0,0.844013460189,0.050463592531,16.725195687772704
23.88888888888889,0.9,10.0,0.0,50.0,0.52547734192,0.05503030115,9.548872729001955
23.88888888888889,0.9,10.0,0.0,70.0,0.624751936628,0.055613950573,11.233726973018001
23.88888888888889,0.9,10.0,0.0,90.0,0.702184837621,0.054995999588,12.767925719713896
23.88888888888889,0.9,10.0,0.0,110.0,0.760113727045,0.053685493097,14.158642925596522
23.88888888888889,0.9,10.0,0.0,130.0,0.80426460792,0.052049694322,15.451860349928301
23.88888888888889,0.9,10.0,0.0,150.0,0.837793021817,0.050108681478,16.719518396923483
23.88888888888889,0.9,20.0,0.0,50.0,0.53369947436,0.056179381687,9.499917199756204
23.88888888888889,0.9,20.0,0.0,70.0,0.615234389269,0.0533657437,11.528638909776872
23.88888888888889,0.9,20.0,0.0,90.0,0.687777610701,0.052849984552,13.01377127223725
23.88888888888889,0.9,20.0,0.0,110.0,0.742006955991,0.051793507684,14.326254180699564
23.88888888888889,0.9,20.0,0.0,130.0,0.781207385452,0.049855493254,15.669434488832827
23.88888888888889,0.9,20.0,0.0,150.0,0.813432253514,0.048081277347,16.91785864263761
23.88888888888889,0.9,30.0,0.0,50.0,0.506299154281,0.04936725742,10.255768311647888
23.88888888888889,0.9,30.0,0.0,70.0,0.595629651848,0.049792291378,11.962286437598456
23.88888888888889,0.9,30.0,0.0,90.0,0.658109623272,0.048946754644,13.445418967172984
23.88888888888889,0.9,30.0,0.0,110.0,0.704586553196,0.047464283577,14.844563113503414
23.88888888888889,0.9,30.0,0.0,130.0,0.741526652295,0.046160096498,16.064235314740483
23.88888888888889,0.9,30.0,0.0,150.0,0.772493692098,0.045201202412,17.09011377743612
23.88888888888889,1.0,0.0,0.0,50.0,0.505625813572,0.054015816096,9.360699330606666
23.88888888888889,1.0,0.0,0.0,70.0,0.607692523809,0.055579148086,10.933822210961047
23.88888888888889,1.0,0.0,0.0,90.0,0.684658543322,0.054508593728,12.560561491248018
23.88888888888889,1.0,0.0,0.0,110.0,0.746064092834,0.054114359388,13.786804487228979
23.88888888888889,1.0,0.0,0.0,130.0,0.791691725813,0.052658229816,15.034529808148763
23.88888888888889,1.0,0.0,0.0,150.0,0.82856065139,0.051206959623,16.18062578778541
23.88888888888889,1.0,10.0,0.0,50.0,0.503378500055,0.052977228371,9.501790024382473
23.88888888888889,1.0,10.0,0.0,70.0,0.604095789151,0.054361490955,11.112568447599527
23.88888888888889,1.0,10.0,0.0,90.0,0.679407587567,0.053781850769,12.632655400520585
23.88888888888889,1.0,10.0,0.0,110.0,0.73977539688,0.053547829243,13.815226636413215
23.88888888888889,1.0,10.0,0.0,130.0,0.784512947752,0.052098637601,15.058223859138721
23.88888888888889,1.0,10.0,0.0,150.0,0.82063950237,0.050688780859,16.18976602835955
23.88888888888889,1.0,20.0,0.0,50.0,0.491629111967,0.049593881439,9.913100118443019
23.88888888888889,1.0,20.0,0.0,70.0,0.593443991553,0.05209373644,11.391849233861558
23.88888888888889,1.0,20.0,0.0,90.0,0.664036027904,0.051622817323,12.863227199499352
23.88888888888889,1.0,20.0,0.0,110.0,0.720030350561,0.051229584146,14.054971606034789
23.88888888888889,1.0,20.0,0.0,130.0,0.760651830142,0.049780484128,15.280121185365424
23.88888888888889,1.0,20.0,0.0,150.0,0.793876025496,0.048217933902,16.464331033127724
23.88888888888889,1.0,30.0,0.0,50.0,0.485567903491,0.047703039756,10.178971947588018
23.88888888888889,1.0,30.0,0.0,70.0,0.573538817578,0.048612207882,11.798246625008128
23.88888888888889,1.0,30.0,0.0,90.0,0.637027892693,0.048280722849,13.194249280097392
23.88888888888889,1.0,30.0,0.0,110.0,0.683286650495,0.04704061592,14.52546139397998
23.88888888888889,1.0,30.0,0.0,130.0,0.721332901797,0.046016641365,15.675479139719263
23.88888888888889,1.0,30.0,0.0,150.0,0.750182603211,0.04454760609,16.8400205769845
25.0,0.7,0.0,0.0,50.0,0.545074725256,0.054513434946,9.998906247532208
25.0,0.7,0.0,0.0,70.0,0.652427704864,0.056145385641,11.620326361915067
25.0,0.7,0.0,0.0,90.0,0.731651344717,0.055741893994,13.125699402961697
25.0,0.7,0.0,0.0,110.0,0.790251624671,0.054376281564,14.533020683675964
25.0,0.7,0.0,0.0,130.0,0.83461092045,0.052493072467,15.899448845839263
25.0,0.7,0.0,0.0,150.0,0.871269978056,0.051035568912,17.071818667453677
25.0,0.7,10.0,0.0,50.0,0.555666368751,0.057970543816,9.58532268585748
25.0,0.7,10.0,0.0,70.0,0.654832434226,0.057491369447,11.390099775404991
25.0,0.7,10.0,0.0,90.0,0.732162567179,0.056111853093,13.04826924830857
25.0,0.7,10.0,0.0,110.0,0.790824676425,0.054746424872,14.445229588488917
25.0,0.7,10.0,0.0,130.0,0.834040588537,0.05258840756,15.859780267835895
25.0,0.7,10.0,0.0,150.0,0.86951060042,0.050983908398,17.05460855672864
25.0,0.7,20.0,0.0,50.0,0.555885277685,0.057551535356,9.658913081057298
25.0,0.7,20.0,0.0,70.0,0.648186141977,0.055688993036,11.639394189763529
25.0,0.7,20.0,0.0,90.0,0.721594557466,0.054508235199,13.238266746879345
25.0,0.7,20.0,0.0,110.0,0.776370513755,0.053195474973,14.59467208722276
25.0,0.7,20.0,0.0,130.0,0.815990957031,0.050919130556,16.025233504990563
25.0,0.7,20.0,0.0,150.0,0.848663186523,0.049260674209,17.228005912431218
25.0,0.7,30.0,0.0,50.0,0.538462234817,0.052647093671,10.227767522779803
25.0,0.7,30.0,0.0,70.0,0.631577603114,0.052441460899,12.043478428840709
25.0,0.7,30.0,0.0,90.0,0.694190899987,0.050744385547,13.680151853332285
25.0,0.7,30.0,0.0,110.0,0.742551411711,0.049370503602,15.04038560548366
25.0,0.7,30.0,0.0,130.0,0.777925543597,0.047509103482,16.37424170489212
25.0,0.7,30.0,0.0,150.0,0.805711834388,0.045864377491,17.567268509119202
25.0,0.7999999999999999,0.0,0.0,50.0,0.5358625539,0.056500327412,9.484238029144397
25.0,0.7999999999999999,0.0,0.0,70.0,0.631984847538,0.05642215298,11.201005529902769
25.0,0.7999999999999999,0.0,0.0,90.0,0.712450083466,0.0560748393,12.70534329406451
25.0,0.7999999999999999,0.0,0.0,110.0,0.770527166292,0.054656660059,14.097589670869793
25.0,0.7999999999999999,0.0,0.0,130.0,0.814286112051,0.052487733371,15.513836467186849
25.0,0.7999999999999999,0.0,0.0,150.0,0.852883005395,0.051356069333,16.60724849997351
25.0,0.7999999999999999,10.0,0.0,50.0,0.530848754309,0.056148805364,9.45431965769579
25.0,0.7999999999999999,10.0,0.0,70.0,0.631978376694,0.056622270234,11.161304096113682
25.0,0.7999999999999999,10.0,0.0,90.0,0.710635835371,0.055802025045,12.734947070432073
25.0,0.7999999999999999,10.0,0.0,110.0,0.768484792362,0.054370081833,14.134332089519994
25.0,0.7999999999999999,10.0,0.0,130.0,0.811261058679,0.052077270984,15.578025563748307
25.0,0.7999999999999999,10.0,0.0,150.0,0.849010222978,0.050992870372,16.649586830165738
25.0,0.7999999999999999,20.0,0.0,50.0,0.527971901799,0.054740087876,9.6450685829184
25.0,0.7999999999999999,20.0,0.0,70.0,0.624722668036,0.054562265935,11.449720009433475
25.0,0.7999999999999999,20.0,0.0,90.0,0.69822550055,0.054029577783,12.923023447532684
25.0,0.7999999999999999,20.0,0.0,110.0,0.751271500162,0.052266633372,14.373826123732451
25.0,0.7999999999999999,20.0,0.0,130.0,0.79171366073,0.050366679949,15.718996398644279
25.0,0.7999999999999999,20.0,0.0,150.0,0.826700153397,0.049192035043,16.805569289303858
25.0,0.7999999999999999,30.0,0.0,50.0,0.516167229254,0.051047394255,10.111529428428021
25.0,0.7999999999999999,30.0,0.0,70.0,0.607234901994,0.051130873149,11.876090991531916
25.0,0.7999999999999999,30.0,0.0,90.0,0.670253516728,0.050026187392,13.398053133171297
25.0,0.7999999999999999,30.0,0.0,110.0,0.716762171169,0.048296338971,14.840921412270747
25.0,0.7999999999999999,30.0,0.0,130.0,0.756191150578,0.047465411583,15.931414589246584
25.0,0.7999999999999999,30.0,0.0,150.0,0.783789365144,0.045648583218,17.17006990996686
25.0,0.9,0.0,0.0,50.0,0.509403832592,0.054445964363,9.35613573112091
25.0,0.9,0.0,0.0,70.0,0.612644714124,0.056405514525,10.861432951781056
25.0,0.9,0.0,0.0,90.0,0.691394554215,0.055411024061,12.477563191286063
25.0,0.9,0.0,0.0,110.0,0.751794736275,0.054414974195,13.815953189298394
25.0,0.9,0.0,0.0,130.0,0.79760458309,0.052991258896,15.051625488939017
25.0,0.9,0.0,0.0,150.0,0.834492763169,0.051379812794,16.241646627144775
25.0,0.9,10.0,0.0,50.0,0.508450983272,0.053990652657,9.417389089592312
25.0,0.9,10.0,0.0,70.0,0.61072599145,0.055568225048,10.990561439067974
25.0,0.9,10.0,0.0,90.0,0.688389563418,0.055099465717,12.493579646555613
25.0,0.9,10.0,0.0,110.0,0.747552849721,0.054046461236,13.831670614968216
25.0,0.9,10.0,0.0,130.0,0.792551996985,0.05257458915,15.074811040820087
25.0,0.9,10.0,0.0,150.0,0.828617409055,0.051014243346,16.24286384951295
25.0,0.9,20.0,0.0,50.0,0.50708056301,0.053011831871,9.565422380496859
25.0,0.9,20.0,0.0,70.0,0.602005802985,0.053414436794,11.270469916339598
25.0,0.9,20.0,0.0,90.0,0.675130690072,0.053014370189,12.734862032032279
25.0,0.9,20.0,0.0,110.0,0.730392943926,0.052196666956,13.993095469902249
25.0,0.9,20.0,0.0,130.0,0.770485985457,0.050332516383,15.307917044998659
25.0,0.9,20.0,0.0,150.0,0.803474312149,0.048683976931,16.50387587044845
25.0,0.9,30.0,0.0,50.0,0.494234535956,0.049198984714,10.045624697929208
25.0,0.9,30.0,0.0,70.0,0.583832458939,0.049825888047,11.717452148334612
25.0,0.9,30.0,0.0,90.0,0.64798234697,0.049367749547,13.125620529918946
25.0,0.9,30.0,0.0,110.0,0.694469896325,0.047830720343,14.51932756489701
25.0,0.9,30.0,0.0,130.0,0.73227708991,0.046690449756,15.683658943891368
25.0,0.9,30.0,0.0,150.0,0.760767700707,0.045012139362,16.901389524916755
25.0,1.0,0.0,0.0,50.0,0.49274410558,0.053725357698,9.1715369928257
25.0,1.0,0.0,0.0,70.0,0.593833484592,0.055535371689,10.692887551333735
25.0,1.0,0.0,0.0,90.0,0.671011812919,0.054753494529,12.25514131456214
25.0,1.0,0.0,0.0,110.0,0.733230285766,0.054295278942,13.504494314307891
25.0,1.0,0.0,0.0,130.0,0.779542365124,0.053086071554,14.684499008954488
25.0,1.0,0.0,0.0,150.0,0.81707504664,0.05166049961,15.816243606011072
25.0,1.0,10.0,0.0,50.0,0.489862528411,0.052435286217,9.342230466402643
25.0,1.0,10.0,0.0,70.0,0.590306579723,0.054533899907,10.824580320308762
25.0,1.0,10.0,0.0,90.0,0.666086714635,0.05391847516,12.35358961206573
25.0,1.0,10.0,0.0,110.0,0.727102892997,0.053785280992,13.518622187827726
25.0,1.0,10.0,0.0,130.0,0.772571321463,0.052478278602,14.721735202525421
25.0,1.0,10.0,0.0,150.0,0.809423683011,0.051145360749,15.82594532832239
25.0,1.0,20.0,0.0,50.0,0.493656085623,0.052461893396,9.40980307166419
25.0,1.0,20.0,0.0,70.0,0.580318433085,0.0521882935,11.119705094112723
25.0,1.0,20.0,0.0,90.0,0.651532743023,0.051820568077,12.57285991259088
25.0,1.0,20.0,0.0,110.0,0.708201551326,0.051494949031,13.752835271274124
25.0,1.0,20.0,0.0,130.0,0.75120815029,0.050485547766,14.879667222228472
25.0,1.0,20.0,0.0,150.0,0.783561788463,0.048737284633,16.07725572656238
25.0,1.0,30.0,0.0,50.0,0.471468352337,0.046977867416,10.035967536841074
25.0,1.0,30.0,0.0,70.0,0.561847245711,0.048569804386,11.567830112013992
25.0,1.0,30.0,0.0,90.0,0.62521004542,0.048356314574,12.929232736776017
25.0,1.0,30.0,0.0,110.0,0.67294032123,0.04734174429,14.214523172356902
25.0,1.0,30.0,0.0,130.0,0.711766455434,0.046439418551,15.32677362556412
25.0,1.0,30.0,0.0,150.0,0.741236290138,0.045061641414,16.44938503966055
